{
  "iteration": 71,
  "timestamp": "2025-10-05T00:29:41.196966",
  "pid": 43830,
  "random_data": [
    0.741175711068197,
    0.3547854023187198,
    0.5909386329966355,
    0.5130869461525426,
    0.1369820025828623,
    0.047891735798768376,
    0.22651291578208554,
    0.36390917728277683,
    0.7661694508662436,
    0.2838290964772483,
    0.5032222178971864,
    0.20780701307422822,
    0.11282809097982183,
    0.759124051188724,
    0.2943547645401837,
    0.07301185855386216,
    0.09760660969300983,
    0.6504367757580745,
    0.6268586242548956,
    0.9565841472043916,
    0.15977100276274303,
    0.8584202620349812,
    0.7095309996458221,
    0.9687290503997102,
    0.5787411017209865,
    0.2729432774031335,
    0.37888014991756624,
    0.40089188155309297,
    0.8802073184367555,
    0.525804505858711,
    0.5087232087189125,
    0.11139356374152642,
    0.5077598312740823,
    0.4293832593781418,
    0.2269266872958482,
    0.6140846409840603,
    0.2272504524428447,
    0.8346030064714539,
    0.5076077148649873,
    0.6934369207520434,
    0.6445042431601138,
    0.21150610677889947,
    0.6516812242660032,
    0.5767228766282082,
    0.6070987101703562,
    0.13001659364131646,
    0.8882383768685211,
    0.9050399324517142,
    0.12397255990443545,
    0.1139677747218979,
    0.3158321617893384,
    0.33210819750538156,
    0.5768126498073625,
    0.83564058153822,
    0.611756335623917,
    0.41787807635901664,
    0.15752163816693632,
    0.49176230241120555,
    0.8531763344298935,
    0.3262033643860277,
    0.7201013894073045,
    0.26643594281182303,
    0.5954385206296319,
    0.6887875747021698,
    0.43722670871045966,
    0.03686639653870749,
    0.07079476743447011,
    0.7278782577954874,
    0.6961910885193786,
    0.0624055656957605,
    0.3151008080991978,
    0.7336342526075124,
    0.5285880808059665,
    0.1787012218725792,
    0.3841992120588702,
    0.23251299357024102,
    0.9064607160904554,
    0.658757845900237,
    0.04634692005869945,
    0.6180117810872645,
    0.5027131899104568,
    0.7422556711407627,
    0.5089498871714536,
    0.2619588644928079,
    0.4219186767870112,
    0.9091139585324973,
    0.060871681025458035,
    0.22970947652454188,
    0.011733012422295408,
    0.19677884243005328,
    0.9863260631469344,
    0.6463672990795339,
    0.16302755234400246,
    0.6058431611651935,
    0.35367597548998286,
    0.9779507934678533,
    0.548511669615053,
    0.37932043821457806,
    0.7535749751096524,
    0.7334830155961304
  ]
}