{
  "iteration": 144,
  "timestamp": "2025-10-05T00:32:16.649990",
  "pid": 43830,
  "random_data": [
    0.0016836378339379898,
    0.6324786711324201,
    0.5654504295437983,
    0.6707158562630889,
    0.11162267844796292,
    0.5758330507516514,
    0.06445993198482614,
    0.8645468699756546,
    0.7142346044807224,
    0.4306900408016958,
    0.34024011160468404,
    0.6468449615298795,
    0.6313958968875575,
    0.16174520410275683,
    0.5242305158139765,
    0.0002878614061738727,
    0.7195123558704899,
    0.3417132016453176,
    0.5659442830911674,
    0.06178117760638613,
    0.663720000511967,
    0.5672294606875712,
    0.34172816396135774,
    0.8271550988381419,
    0.6096694508621987,
    0.200419757556068,
    0.08730583500021427,
    0.29389018219568064,
    0.8208502963159865,
    0.6386824577788648,
    0.4293804235250164,
    0.31677221647627607,
    0.5853231824579085,
    0.18038970553905032,
    0.7342306830618136,
    0.8850967312909639,
    0.17777654686152322,
    0.4361763792237944,
    0.04604108609155988,
    0.9105743241659532,
    0.22512661421521674,
    0.13307118043126376,
    0.8964414725203116,
    0.8881269911264961,
    0.6750017363704562,
    0.988300710090824,
    0.7229447413536263,
    0.22566875181596946,
    0.8455636100145412,
    0.5125588394147577,
    0.44762407085173184,
    0.5609237155666532,
    0.6724522123355475,
    0.2883961050671692,
    0.6733200552208983,
    0.3489648796764995,
    0.9412701017440914,
    0.58362672974378,
    0.7547102561668242,
    0.7046620387756947,
    0.6679690788105308,
    0.03144604482109181,
    0.619185045785999,
    0.41340273375956893,
    0.5080530090879087,
    0.6929033453352964,
    0.878376697237163,
    0.6046370463971551,
    0.3973542753302435,
    0.9201432470618637,
    0.4988447339178643,
    0.7144856793045579,
    0.21930004534542924,
    0.6276151998129522,
    0.7846387419274121,
    0.5507894644265682,
    0.5239968256274322,
    0.04145932267240349,
    0.16327384483079932,
    0.9693208402101107,
    0.2968618521059604,
    0.27515937714705274,
    0.8728409161665445,
    0.6331169082920869,
    0.8582525912604786,
    0.6399229860444935,
    0.09579666439532197,
    0.08603045442326374,
    0.4513221870196411,
    0.9633479353595671,
    0.003892632856690059,
    0.18358910225491265,
    0.8347373413731548,
    0.33685427068656715,
    0.0026662284629782596,
    0.8200177201607696,
    0.9084754311628744,
    0.6278432537777989,
    0.6524722758051235,
    0.9651543623558476
  ]
}