{
  "iteration": 75,
  "timestamp": "2025-10-05T00:29:48.734024",
  "pid": 43830,
  "random_data": [
    0.23096777855132467,
    0.6572973673315716,
    0.9191537657661966,
    0.3399616500692907,
    0.3007036875639776,
    0.9227762468925698,
    0.18235624769507575,
    0.08399073555378878,
    0.10584179688370021,
    0.17830433453057903,
    0.6396660223969671,
    0.28324922210183967,
    0.13062974011043516,
    0.3445527919809931,
    0.46341926299149816,
    0.9799966343603597,
    0.2678205059178105,
    0.2432662542089432,
    0.8622137695704031,
    0.9281998939440519,
    0.47186113619061076,
    0.38762191270550195,
    0.6256183105350193,
    0.7613973638832172,
    0.17821747057835768,
    0.4467409128875268,
    0.3894979356161027,
    0.3637215204168396,
    0.4702627411945247,
    0.3095845427103274,
    0.6374629278902583,
    0.10338377248693242,
    0.25040798803927455,
    0.8858245045286819,
    0.03990471051849209,
    0.010487673953087251,
    0.2641204119144862,
    0.46370839769954775,
    0.01322761102365888,
    0.39664970911336495,
    0.012238498520083962,
    0.5684483651614202,
    0.826115134936834,
    0.2658102655459764,
    0.342626466653033,
    0.8306303523101832,
    0.469181704473589,
    0.8162918825537641,
    0.5659118395617164,
    0.8253790735250223,
    0.18130050620436156,
    0.8954466099206753,
    0.15510995118288828,
    0.7600252532273266,
    0.9346205910795141,
    0.39053219519604176,
    0.7190701569220519,
    0.9040266402488719,
    0.7291951188956943,
    0.2256403193792217,
    0.7889674953390743,
    0.07353421279412387,
    0.40471367316632345,
    0.5054607853141067,
    0.3086987899462985,
    0.05588260056143368,
    0.06904571183554475,
    0.21439175394156207,
    0.4851461624958142,
    0.27458585075681785,
    0.46519989716378307,
    0.6419553659939002,
    0.8640801488162954,
    0.27644380735044294,
    0.030089283369346242,
    0.28333923184744747,
    0.9127276799666674,
    0.06812661406739917,
    0.14269355490868318,
    0.3311845542129285,
    0.2341867613378531,
    0.8107328797652106,
    0.9441101227799346,
    0.41067627340974444,
    0.12649277130916747,
    0.7848646418995896,
    0.9469104770621514,
    0.6718625253737481,
    0.2130020601434629,
    0.26908937115960707,
    0.37778966856731455,
    0.9832963875936338,
    0.9760928784057189,
    0.361938895214981,
    0.5298758208160493,
    0.6541496636046932,
    0.08981348350761487,
    0.20042868897791877,
    0.6509993834788228,
    0.893930230322989
  ]
}