{
  "iteration": 106,
  "timestamp": "2025-10-05T00:30:54.790180",
  "pid": 43830,
  "random_data": [
    0.586918346104512,
    0.08780952579919032,
    0.9929541473894741,
    0.6549868997457161,
    0.8138622898868266,
    0.07551653517818968,
    0.8208461485429861,
    0.9274821544252675,
    0.4832079618667515,
    0.8479536417654412,
    0.5552760366865296,
    0.1955861018662136,
    0.9510631758380065,
    0.8359444374743631,
    0.7864984160457126,
    0.08788307949599328,
    0.1734894529667539,
    0.8937928019327035,
    0.5047117036307674,
    0.5737111069613607,
    0.7387542589662599,
    0.0682716776874348,
    0.48176306700624916,
    0.040767901319664346,
    0.7885660758690658,
    0.5265459728092758,
    0.1739615112450842,
    0.8494758346106114,
    0.8192425198020152,
    0.19362859753759543,
    0.2121937253931141,
    0.5475432793786958,
    0.7999945362281531,
    0.25771448292302335,
    0.22860064958591275,
    0.9875059342920521,
    0.2427431595250481,
    0.26909345385685624,
    0.18158895268851094,
    0.0669108053567048,
    0.03467471288007462,
    0.3452248064727995,
    0.5964551030557859,
    0.09681639508820439,
    0.8770541199010173,
    0.5593410035153782,
    0.23580237203914156,
    0.15434805172839727,
    0.14297013753209753,
    0.4459793071041257,
    0.6941270613016731,
    0.7934777138194334,
    0.3248489848489544,
    0.6112013873028376,
    0.12476080244789223,
    0.9526233541736165,
    0.9962669600408048,
    0.01146788296226886,
    0.27687240503858856,
    0.7595103829620112,
    0.14953998021097414,
    0.880364506616039,
    0.7969431779769028,
    0.14093998183177103,
    0.37252575795455356,
    0.5635127372191141,
    0.897710484166908,
    0.8824653702677426,
    0.19508581125356428,
    0.0476621967098535,
    0.39091464737015746,
    0.05781439698197255,
    0.43025688018878594,
    0.7464830473176695,
    0.08569249088768793,
    0.7820022392140911,
    0.9988138465026378,
    0.7860634009241234,
    0.7803201382508245,
    0.8302927290863646,
    0.43968458786684395,
    0.5394224323561818,
    0.4743799861504122,
    0.19609069302213367,
    0.22060091917599378,
    0.2689856667675664,
    0.24320390280012216,
    0.5131120745353391,
    0.5674001350784308,
    0.4988131550986137,
    0.37470234604363684,
    0.675701431541163,
    0.9930609478908458,
    0.04902734241703455,
    0.006337618604231543,
    0.30491316173492566,
    0.6293159345856814,
    0.37891876779600087,
    0.8838926714902511,
    0.13088999010629254
  ]
}