{
  "iteration": 202,
  "timestamp": "2025-10-05T00:34:11.983477",
  "pid": 43830,
  "random_data": [
    0.3435812941307753,
    0.9737751816722293,
    0.024625979468417825,
    0.9487249370819857,
    0.28817017350149265,
    0.33905126284542564,
    0.2570716096067478,
    0.5377886683326959,
    0.07419559764032735,
    0.810341805726082,
    0.07438966443165362,
    0.19252834898287274,
    0.3557298792759107,
    0.7685752283475504,
    0.501890121574991,
    0.9184275373504079,
    0.9842162987986445,
    0.09712631542255179,
    0.9605864682919593,
    0.37295992289409774,
    0.8098110059376918,
    0.14004703143424357,
    0.6716872336464996,
    0.1562601196805995,
    0.02033967412039317,
    0.3250981348527653,
    0.7111382532745416,
    0.4336773926082528,
    0.699945705206898,
    0.3689454338056761,
    0.16287715120458712,
    0.7217561925418512,
    0.21577441424092447,
    0.912696636692656,
    0.9284463321446197,
    0.6730302371687454,
    0.8347314716624749,
    0.9579103376517838,
    0.543540918652887,
    0.5809471721381719,
    0.982277182646275,
    0.07707618251291048,
    0.723297321575936,
    0.8034209629809622,
    0.36989875881077705,
    0.8268321656834322,
    0.7012795502910093,
    0.33378753273860573,
    0.13115770889048461,
    0.3129208408178876,
    0.45992241053024485,
    0.28728074562802297,
    0.8556791277667496,
    0.43104608577147885,
    0.8499924615530488,
    0.43623651125185303,
    0.8908238467774663,
    0.9336487077609729,
    0.7634643997061317,
    0.3562808640531635,
    0.978513082376872,
    0.06625129209785652,
    0.1113281128597482,
    0.2031028461186981,
    0.11094365264524109,
    0.17753460248661246,
    0.2054451374159446,
    0.05944551705648904,
    0.3625021333083742,
    0.5035722113986952,
    0.1815593576910578,
    0.8155557422691251,
    0.7951877111779605,
    0.006199096921289282,
    0.3949337735059799,
    0.9698171487975275,
    0.840803177988333,
    0.26387475253620807,
    0.2624285577779445,
    0.430766763443047,
    0.9484492212839744,
    0.2806728649695033,
    0.6484495386117793,
    0.2797537059725601,
    0.8161559643068513,
    0.2894195004952036,
    0.6671761109347935,
    0.23422944114129973,
    0.6168316688934583,
    0.5404772060184192,
    0.8580517182567369,
    0.5398210856202771,
    0.6294054298276739,
    0.9345734216695336,
    0.14080707625087274,
    0.6909489632838699,
    0.026130550491975102,
    0.36155104388079784,
    0.6730120871899357,
    0.6209930837021079
  ]
}