{
  "iteration": 188,
  "timestamp": "2025-10-05T00:33:47.064141",
  "pid": 43830,
  "random_data": [
    0.07766176508030742,
    0.7772269883585661,
    0.12780186047260156,
    0.8936652210872045,
    0.8420416893262346,
    0.9549166375574863,
    0.4106145647576691,
    0.38267451968130295,
    0.5610078555138892,
    0.0017533096703648,
    0.6430319251030927,
    0.8786223893684884,
    0.9383272888548674,
    0.19193953909312844,
    0.4657970780546188,
    0.16123808278778462,
    0.3134131786809544,
    0.9937272170976706,
    0.8996594638164971,
    0.047200763795904654,
    0.8478708205662985,
    0.24809187006937405,
    0.15914949451164584,
    0.8277402672987519,
    0.5695172819008363,
    0.3517705690907549,
    0.8349540747305894,
    0.5692056437847636,
    0.05373933258150265,
    0.46351373064804446,
    0.6382523217386616,
    0.49010942220570786,
    0.6536712413035886,
    0.45564607003848545,
    0.39889149631582776,
    0.14414363720085466,
    0.13938509486129513,
    0.5774633509983782,
    0.8680716472708095,
    0.06857797005280453,
    0.3567174857592281,
    0.14577383908632202,
    0.12508955855413983,
    0.24601925107427847,
    0.9064130250391436,
    0.827056802304861,
    0.8078599490748783,
    0.7715352864469626,
    0.30144509916930173,
    0.7927857838657394,
    0.44455074579093246,
    0.8690123926667551,
    0.31618236965384705,
    0.9502175819456591,
    0.1951551825713248,
    0.9266272119369756,
    0.7505871768984608,
    0.2666760705497675,
    0.32618182015985375,
    0.6297093681194232,
    0.9746866219849274,
    0.8980798953305623,
    0.5693191781804846,
    0.22467723213137492,
    0.5986263413328887,
    0.1586859096117258,
    0.6185153786775692,
    0.2081568683334739,
    0.0007823421056117885,
    0.277908427808771,
    0.9283239452489901,
    0.5272464983204126,
    0.8916305309145715,
    0.46247396922338035,
    0.39215449198935304,
    0.9851521950054183,
    0.48350920066648273,
    0.4285042018110303,
    0.7201857251169187,
    0.23899518745727,
    0.046953525501057025,
    0.555294255619143,
    0.7312267643164889,
    0.37498694186633386,
    0.9091476423113525,
    0.38096584224853136,
    0.8168114184816271,
    0.20437839195233887,
    0.9545293263982267,
    0.31934010926927103,
    0.6841705171835084,
    0.6717466439237831,
    0.3112124728616128,
    0.6411547614104756,
    0.8368830603701081,
    0.19047444303759542,
    0.5520683244139752,
    0.7039544767696394,
    0.71620606130849,
    0.19875657145803372
  ]
}