{
  "iteration": 169,
  "timestamp": "2025-10-05T00:33:08.613211",
  "pid": 43830,
  "random_data": [
    0.2760980612590249,
    0.17991764224248474,
    0.43974580852796696,
    0.8413068016921267,
    0.184807316094328,
    0.14661027487477807,
    0.10275554445600577,
    0.013993761838817176,
    0.6515874397454517,
    0.26791339573839923,
    0.2650251213549626,
    0.8968104819566507,
    0.12773538600496803,
    0.8790619870689281,
    0.7312508727780591,
    0.7277297125926373,
    0.9057625424628102,
    0.6292240006545462,
    0.0013836665642203982,
    0.9938745781563063,
    0.4920738992775683,
    0.632402919102656,
    0.486433306176814,
    0.34489488836637217,
    0.9844974266818888,
    0.8696361149839484,
    0.9432412820757501,
    0.4180443921783257,
    0.1828058842183764,
    0.6346507138338876,
    0.04203766257907504,
    0.3003120159431988,
    0.5209036099961314,
    0.8239621964775291,
    0.4931933843615358,
    0.4787985361159083,
    0.25837264045585395,
    0.4463806111051515,
    0.48898899613968205,
    0.11200900540245962,
    0.358957461203955,
    0.6584715201062922,
    0.299803979128901,
    0.2750636010615456,
    0.4684460087654846,
    0.20065944772698496,
    0.1495618048291132,
    0.3479856113722859,
    0.13217591913311877,
    0.41602619600051094,
    0.1631377042606873,
    0.20380174990274713,
    0.7741444906511766,
    0.9194994303550095,
    0.8694819010198008,
    0.8725538309721339,
    0.7193551852868909,
    0.14855463767972277,
    0.6077223249367749,
    0.8460088786098062,
    0.980602216109127,
    0.7043158458847429,
    0.5797509612609498,
    0.11649003133843572,
    0.7070067102208015,
    0.014574377217874468,
    0.07229230908343054,
    0.8973577931882233,
    0.7840480726368355,
    0.825110023732454,
    0.6275997263630287,
    0.06581815108067535,
    0.451616420236448,
    0.1347993611019882,
    0.5671151902510946,
    0.7729289146768522,
    0.4311634367184555,
    0.29819274273057284,
    0.4536168756982587,
    0.3202529619322889,
    0.04526845568541804,
    0.5105652158955579,
    0.8258452425113563,
    0.18887215642537414,
    0.9255688568254324,
    0.8722944966218518,
    0.8607986529170083,
    0.9618937586819287,
    0.9461454440521746,
    0.6109384546021756,
    0.28193714487992805,
    0.4404176962554587,
    0.09853163342631555,
    0.36028909677575083,
    0.0743458642552357,
    0.7740394782510513,
    0.6837558426569852,
    0.41679976061239543,
    0.8207979936133293,
    0.16563773860539932
  ]
}