{
  "iteration": 198,
  "timestamp": "2025-10-05T00:34:04.818514",
  "pid": 43830,
  "random_data": [
    0.1299630156845385,
    0.8222351364777928,
    0.6667840169427017,
    0.2138161496181472,
    0.9329798262935693,
    0.9625996199748414,
    0.6835252686115695,
    0.30228218317118394,
    0.39968251395959653,
    0.14513303724640114,
    0.4560734414990124,
    0.035044378354544214,
    0.6571976597851581,
    0.40670171616157214,
    0.06832641518087912,
    0.886799953491849,
    0.6118538380897488,
    0.43981495409916194,
    0.6281003723283213,
    0.9406838860097375,
    0.5875323983204244,
    0.8365136852914025,
    0.31719590247571583,
    0.3229465479337774,
    0.4921829472782384,
    0.6290490472230101,
    0.894617798927339,
    0.9133149127330135,
    0.07931740700043688,
    0.3000662441450105,
    0.1155968014006673,
    0.6986639805978971,
    0.3061483162327674,
    0.3298271464579783,
    0.2192499415344603,
    0.3881742407382771,
    0.0005848820195133442,
    0.264274047363642,
    0.5436146041529994,
    0.08401577542807259,
    0.010066909023437765,
    0.08685206953636837,
    0.5580652637714818,
    0.2884912263225561,
    0.6672406338441222,
    0.7658525134944927,
    0.35485505047174304,
    0.1627154963658647,
    0.27907219996628196,
    0.24560768803060806,
    0.3497281228940762,
    0.0714083893032712,
    0.24078882162738602,
    0.6396665632223083,
    0.43899719292015094,
    0.43926225022295595,
    0.4018243455830348,
    0.8886024568816705,
    0.9745863515546118,
    0.002630805379436607,
    0.12117728324879562,
    0.9957434985693717,
    0.862612596798549,
    0.9523778357125049,
    0.3565448681164616,
    0.17258381418361612,
    0.5604053862946198,
    0.7187453883031143,
    0.20343642106721482,
    0.27611107041577065,
    0.2598273284530861,
    0.39833072441503836,
    0.5959087079337252,
    0.4890231376288443,
    0.39137654775838826,
    0.650991309658402,
    0.5661091620763582,
    0.3335065545818331,
    0.12244628250675216,
    0.9210414725666527,
    0.7165432130624659,
    0.013129773744564699,
    0.6399235942112849,
    0.21677209746658,
    0.9497797585357082,
    0.10716981764027278,
    0.15295241043887364,
    0.9655893656844498,
    0.7252924832683678,
    0.269518686702665,
    0.7054785158067236,
    0.38469257678627755,
    0.40633620143705396,
    0.40220092599866575,
    0.6136338963252892,
    0.19493535949799146,
    0.20869412568642853,
    0.4672316688733795,
    0.36103125500606625,
    0.7922572230838419
  ]
}