{
  "iteration": 76,
  "timestamp": "2025-10-05T00:29:51.449044",
  "pid": 43830,
  "random_data": [
    0.5684778502819031,
    0.1941246890176609,
    0.4011728216747751,
    0.11729693054930057,
    0.8825659079497937,
    0.6856187199141248,
    0.7669383601022998,
    0.668595947064101,
    0.5573599856944583,
    0.9770205696303759,
    0.5511258273652172,
    0.9281947706627088,
    0.49434733292780775,
    0.6691159570832462,
    0.9884925607049357,
    0.06838112145443576,
    0.5374364295081334,
    0.3793190363405129,
    0.6019079768205013,
    0.25619980825835276,
    0.9605536800693638,
    0.9781756926301037,
    0.8438217596119557,
    0.023530813471783096,
    0.07069478595028633,
    0.20406611880789893,
    0.4100032020729514,
    0.4342963977673773,
    0.35308873248505557,
    0.8360708018259041,
    0.6797219137241838,
    0.710717706784456,
    0.7281654389994949,
    0.8383167982977696,
    0.5535085503421513,
    0.13374033137318597,
    0.6413722078131011,
    0.13084110357292889,
    0.992956034815819,
    0.8249551574884383,
    0.3660017714510392,
    0.2909468747227665,
    0.34866737911342993,
    0.9912620405324913,
    0.17701170735858973,
    0.9167323520825461,
    0.33132146747690094,
    0.43341188952548915,
    0.04715163729093619,
    0.10583218377261316,
    0.030022177090638813,
    0.38948904799542805,
    0.7047124731759933,
    0.701177284246472,
    0.5412125578662065,
    0.09126648798771464,
    0.15393158602252244,
    0.464774361963219,
    0.06991269275785394,
    0.07964839605434493,
    0.7493798282495591,
    0.7009882062527567,
    0.8687436568065486,
    0.48828371171898166,
    0.31117766361896104,
    0.48753097204954576,
    0.7559988444885727,
    0.44285529540640567,
    0.16412560045290725,
    0.7420600274535387,
    0.25130820210734905,
    0.9673476668569723,
    0.07206578319393198,
    0.12868991318835887,
    0.42623664927056937,
    0.34660777385445496,
    0.8572039192760682,
    0.7871369088772103,
    0.8111714957232026,
    0.3248387091294668,
    0.44777474029127506,
    0.1955933556962991,
    0.5490621829815246,
    0.5899014041072849,
    0.515831854032282,
    0.33088908016506957,
    0.9574997674614176,
    0.8889205672686286,
    0.8523836999160849,
    0.9872261115986612,
    0.6224763282947281,
    0.07624619713749359,
    0.5109753535416116,
    0.17351530014078465,
    0.005908669955851931,
    0.022882217832351115,
    0.9852502054018485,
    0.45488346573134897,
    0.3734863690049377,
    0.30908005452718723
  ]
}