{
  "iteration": 91,
  "timestamp": "2025-10-05T00:30:22.405103",
  "pid": 43830,
  "random_data": [
    0.5423162515268245,
    0.8118399856335047,
    0.11802816312360331,
    0.8160842837932502,
    0.1013709634015103,
    0.05689996463710134,
    0.11421278748530439,
    0.021611078446210907,
    0.5489716885674648,
    0.816740734773097,
    0.9764654654921234,
    0.5765873168464626,
    0.4813409219806808,
    0.71863285707448,
    0.6453726535637166,
    0.5805904287189627,
    0.6473292748491525,
    0.966364139302397,
    0.5906942769188155,
    0.7634751756136099,
    0.6774510447180858,
    0.44952309105891597,
    0.15040029923354814,
    0.26164634598014025,
    0.08370895332702699,
    0.9020159478810307,
    0.8636683182607563,
    0.954440592774607,
    0.4897386220509262,
    0.6889191105428393,
    0.1356784328749041,
    0.28202758865646127,
    0.9428651034806619,
    0.3244934995625486,
    0.09476602299717307,
    0.4298250472691536,
    0.2902599132337137,
    0.3750729406761566,
    0.04651698388565928,
    0.3606803622893926,
    0.17305153648313976,
    0.47554567964963934,
    0.052577355562624994,
    0.5526464209370271,
    0.9287182905733119,
    0.2996776749239555,
    0.3809043595340952,
    0.6254636085660135,
    0.2182255621789697,
    0.39939568784662405,
    0.5524487548642212,
    0.9613046563568527,
    0.7565100348092749,
    0.2665510650034033,
    0.3140151008141485,
    0.47817029548058365,
    0.7265802450621344,
    0.4493067784307315,
    0.9704948973098657,
    0.7018215131837847,
    0.3638597396999196,
    0.6573207820387915,
    0.10949397193856725,
    0.928822487732214,
    0.3306290381495496,
    0.8044202083764664,
    0.8035415218024127,
    0.8254437351612963,
    0.23454587935307403,
    0.6384123396079063,
    0.018818756439866857,
    0.3977881615873873,
    0.4645017148102252,
    0.6735370653167359,
    0.7933927757262572,
    0.017390094395128286,
    0.18820776332981537,
    0.18407575293122336,
    0.5045624034297314,
    0.24958366041083013,
    0.04324395469983189,
    0.6197410930481023,
    0.13065242454387616,
    0.704074183347015,
    0.41723229235111337,
    0.01545789553664878,
    0.9171296094858524,
    0.23728398959409203,
    0.044164809041285946,
    0.38064574011279784,
    0.421277686431089,
    0.1788562188478221,
    0.29780245169305963,
    0.5868700401628831,
    0.9056678448895592,
    0.11079277191922854,
    0.026449870317004187,
    0.038601683957634525,
    0.7674421092617306,
    0.37736786515341514
  ]
}