{
  "iteration": 193,
  "timestamp": "2025-10-05T00:33:57.347192",
  "pid": 43830,
  "random_data": [
    0.21724762593211144,
    0.6551957674368947,
    0.5799079972143963,
    0.3367800777691532,
    0.9783240173554728,
    0.6406852398825129,
    0.8547428240188844,
    0.009462977837431663,
    0.42454732318302435,
    0.6235675133007416,
    0.5738301247755606,
    0.36054742275046703,
    0.5915563449545339,
    0.6724567081209233,
    0.13404088359294808,
    0.6529108067002127,
    0.28528610003247135,
    0.8601960599518891,
    0.7780829595892156,
    0.6981792147551877,
    0.5957113488691497,
    0.8530847486170045,
    0.9585357873977514,
    0.49207467928465964,
    0.43243630300674907,
    0.2283047607170613,
    0.5720712463929425,
    0.8023257764753225,
    0.2863327824794245,
    0.23191203343503808,
    0.47069853841099585,
    0.2800416001297913,
    0.3518080926470796,
    0.9664365423915489,
    0.349508211490687,
    0.6281517755214149,
    0.663993123988183,
    0.6549843556270156,
    0.9786249377126829,
    0.46086023418853383,
    0.729031469011952,
    0.7966434799317552,
    0.5104122322148285,
    0.4968668303289564,
    0.45648072058811917,
    0.12336635691206999,
    0.05841291375177704,
    0.6609418583596545,
    0.7378750621653669,
    0.9994367727020809,
    0.18712875386853411,
    0.1161262356838586,
    0.8166796615699776,
    0.33276090974859973,
    0.39893911626201406,
    0.1381734981450593,
    0.5319648930495268,
    0.035758657710875386,
    0.16590141842779982,
    0.8995607543942635,
    0.6438971628535927,
    0.07060203540270515,
    0.17508591402683282,
    0.7790472491355237,
    0.33601857237008737,
    0.5800131307990047,
    0.5928234297334155,
    0.17557985190547165,
    0.39346085687058074,
    0.823608189162436,
    0.0029981058957994078,
    0.22623491670792828,
    0.7362008698233301,
    0.8128376773626803,
    0.6412879805847407,
    0.8603093512163981,
    0.2849697777976753,
    0.1282700842434119,
    0.2617716594879491,
    0.014146386677089673,
    0.9162468259752724,
    0.5014715184957922,
    0.23193893273999855,
    0.9057457925609058,
    0.27039476122887873,
    0.653315472413943,
    0.40609528738352463,
    0.04725328516752747,
    0.9998354588655374,
    0.5028843559989926,
    0.4427934915206444,
    0.4751343238658772,
    0.07178968656197582,
    0.654540694227692,
    0.6413445749318851,
    0.516525302141151,
    0.40901720422229315,
    0.49565818856594424,
    0.30236154438527973,
    0.2989346040788392
  ]
}