{
  "iteration": 136,
  "timestamp": "2025-10-05T00:31:58.192164",
  "pid": 43830,
  "random_data": [
    0.49010689470608415,
    0.7731326232972571,
    0.6195677680027333,
    0.007441906449444979,
    0.3939473510417324,
    0.7138923214416603,
    0.38575925324890425,
    0.35014304245243155,
    0.17904355513354842,
    0.1411801570256469,
    0.9032371684376669,
    0.5838723562996504,
    0.09296342258309098,
    0.5603556598340953,
    0.012893447160434612,
    0.44579734427635476,
    0.436064692068449,
    0.3427141644753431,
    0.15916488125078876,
    0.7334823892963304,
    0.6453720184930248,
    0.4507221113531643,
    0.15928388569681673,
    0.7734931103277365,
    0.022232059671567717,
    0.1074876819488465,
    0.8622938804556886,
    0.9734660218882809,
    0.04027746772822871,
    0.22013478534039543,
    0.7406391517432477,
    0.1392343632732278,
    0.0832826453629445,
    0.8735567716963951,
    0.3586220957196268,
    0.5437586143189003,
    0.4312846706714458,
    0.7830959759485595,
    0.7281921457360684,
    0.22713864206222,
    0.19234920780902898,
    0.38647604576662087,
    0.9292192037628648,
    0.5569525418729326,
    0.9243503163761723,
    0.18948396180444038,
    0.07218162630237623,
    0.48294528589475405,
    0.5408520842203651,
    0.7350658819496432,
    0.6611644512205431,
    0.7289068387895348,
    0.7294085439720229,
    0.6785022618589138,
    0.663483100221441,
    0.5425524990663834,
    0.725606625697068,
    0.9878447269047004,
    0.7183499459255209,
    0.888813328734483,
    0.7608876427123835,
    0.8274233747196983,
    0.007557704538208365,
    0.3233218356497152,
    0.0654091805796212,
    0.9935805119174919,
    0.813549070421845,
    0.3096316585062725,
    0.5855826874157025,
    0.65583014194552,
    0.3887341591230703,
    0.7784028890633875,
    0.8035380229899831,
    0.44390939491585724,
    0.4270593270741728,
    0.3495350801910245,
    0.9892221821115639,
    0.021996621941951733,
    0.18228362005865806,
    0.5159349308829263,
    0.507305037589075,
    0.936254866237477,
    0.7205572590905812,
    0.9732383211372204,
    0.5076718317757221,
    0.07380503084597534,
    0.7536269526092726,
    0.6967496656074078,
    0.979967315479865,
    0.9844844663228802,
    0.3704606481192353,
    0.6301954078050542,
    0.7023023616793496,
    0.21288456591063143,
    0.19239629741847775,
    0.6460063243988615,
    0.6239059655571206,
    0.8736026155964751,
    0.5819906768463569,
    0.5606002456983383
  ]
}