{
  "iteration": 93,
  "timestamp": "2025-10-05T00:30:25.606032",
  "pid": 43830,
  "random_data": [
    0.0911564309552022,
    0.6805403642127227,
    0.3762220044504532,
    0.5975300124025289,
    0.07420258207857067,
    0.9001898408439635,
    0.4448597326114718,
    0.8610567248087537,
    0.4982331644612815,
    0.9778678225490259,
    0.846882144938061,
    0.5175870421182638,
    0.2074817920344878,
    0.1996304614112938,
    0.03781127707808152,
    0.8967386793102813,
    0.03457553395213486,
    0.31425398254938486,
    0.2706471047947824,
    0.7094886367360622,
    0.7524248107102723,
    0.25718856006131896,
    0.7039059945108481,
    0.49170186844323593,
    0.12521179137673177,
    0.0460063074538396,
    0.21894758172498663,
    0.19717822757605885,
    0.284512115633064,
    0.061285810471304436,
    0.33633791992437023,
    0.4130774834465546,
    0.2563697102100757,
    0.23334120710345274,
    0.19550068824594546,
    0.3165913895325184,
    0.6506673536489596,
    0.2245674528068744,
    0.9890856957999189,
    0.10488475391289398,
    0.07941612465249182,
    0.9771867756686811,
    0.0038321844097155555,
    0.2357368054419806,
    0.31888508633156787,
    0.4691984389765612,
    0.6582349870180594,
    0.709194590312729,
    0.18490611429439896,
    0.2547814666024987,
    0.16752266744721944,
    0.39203917218636386,
    0.17518260301594812,
    0.761508167899972,
    0.7913348551682444,
    0.19314607525525496,
    0.6489346395905945,
    0.26881727551147216,
    0.030365314865360427,
    0.5429557722498972,
    0.31148939842461076,
    0.07451992670862917,
    0.42566779032341906,
    0.37638534383281375,
    0.575664903544321,
    0.5233338589177001,
    0.736346232460988,
    0.07623767788031943,
    0.670216509444923,
    0.37184220469216067,
    0.9681274856832859,
    0.9344031570696919,
    0.8625799980081427,
    0.44717848243509184,
    0.37479925535986514,
    0.948609203677031,
    0.9340307153101508,
    0.78709190242558,
    0.47586517329038514,
    0.022491319860028613,
    0.4540142598814213,
    0.15890824698452,
    0.4470303579334082,
    0.6167164717277146,
    0.41994872037616393,
    0.47809767603529785,
    0.45943751978245984,
    0.8787371832414754,
    0.8361447484623206,
    0.9954228052018346,
    0.14641163439924598,
    0.5053103006369598,
    0.19393116166430502,
    0.7101627733843063,
    0.6763504300431399,
    0.9748491515791013,
    0.4855240189060913,
    0.9665184973674761,
    0.9117671776248574,
    0.27134497973580696
  ]
}