{
  "iteration": 84,
  "timestamp": "2025-10-05T00:30:07.923801",
  "pid": 43830,
  "random_data": [
    0.8103379476449191,
    0.03326473117930839,
    0.22598132147775096,
    0.5471730432047466,
    0.4590697718298197,
    0.6070342508190004,
    0.5233328702944332,
    0.4222547805256879,
    0.7861120602261803,
    0.20115741433312806,
    0.5044587164415119,
    0.12178362856057823,
    0.34099441803121167,
    0.7237864932766613,
    0.316641067333687,
    0.2542243465420144,
    0.6329935154753148,
    0.3932065380456653,
    0.9469922634008193,
    0.2500818746408804,
    0.14035692809517608,
    0.9147701329082658,
    0.14523919136128316,
    0.39942989692556596,
    0.7798757183444925,
    0.31962521755624307,
    0.297853429562726,
    0.36926930653926704,
    0.8639265649211888,
    0.7453850761323793,
    0.9993689765125428,
    0.8384664188460479,
    0.32313753289827507,
    0.9474460797600144,
    0.05465158361804834,
    0.6081458458515452,
    0.6029380603579634,
    0.1724624632223879,
    0.8561028769959192,
    0.21530386447875016,
    0.307879215203831,
    0.2818742745780547,
    0.036355955596975464,
    0.22118469919373418,
    0.38337915422616264,
    0.6498075346271823,
    0.05318472760240622,
    0.9356536420914626,
    0.7634785106918105,
    0.14486482941689982,
    0.22900176463652533,
    0.7165881291784898,
    0.2938278778586997,
    0.21040092463782878,
    0.7347545333580464,
    0.3337110156078614,
    0.13540331657378768,
    0.36708830118991154,
    0.17575905471519204,
    0.7816877464959396,
    0.18804906950466183,
    0.6569086875280022,
    0.433991435626753,
    0.9164602261129742,
    0.6435873285809902,
    0.6698545694142288,
    0.7601758561794069,
    0.20598650546200803,
    0.5925936048286287,
    0.30027920727857904,
    0.8207087044625064,
    0.5948699812966122,
    0.9292665984554842,
    0.5432967938255346,
    0.10991056847905856,
    0.2479616260970029,
    0.019091706068094516,
    0.003052865669202598,
    0.46374839365362597,
    0.46094305665212854,
    0.2873305431470925,
    0.8424669638422053,
    0.9555601227591255,
    0.738900483534256,
    0.0924814391259704,
    0.648343474514052,
    0.9852571946002641,
    0.45430567161106405,
    0.41290166992246125,
    0.13821703055235124,
    0.42458024711866915,
    0.1802383384578674,
    0.7944117879352925,
    0.9397866013526285,
    0.3050903391565736,
    0.269652237744893,
    0.24932658585766387,
    0.8674194525131962,
    0.23451400219078067,
    0.8732671937585793
  ]
}