{
  "iteration": 209,
  "timestamp": "2025-10-05T00:34:26.538748",
  "pid": 43830,
  "random_data": [
    0.5361227797488289,
    0.910801422421259,
    0.11409475972269623,
    0.9194831723619568,
    0.8567595198666484,
    0.7493020997502194,
    0.829640573495528,
    0.7364365841669307,
    0.6266242776031777,
    0.9560005744507383,
    0.5671411091167289,
    0.1696350568586641,
    0.068225127760696,
    0.7177803667953083,
    0.48101717320021764,
    0.12399638554899428,
    0.04096034550641525,
    0.9620188079750022,
    0.9018281059791082,
    0.23016608842083874,
    0.21838192442328264,
    0.49892796195116973,
    0.297755997844913,
    0.8183713810035508,
    0.5021870594494586,
    0.7816203515357538,
    0.5694604675616382,
    0.7186147502273836,
    0.9294671320506205,
    0.6470132226017516,
    0.22916577568741459,
    0.06251564558766032,
    0.8811011632692686,
    0.7988341261597157,
    0.5735172021405167,
    0.5017789085973536,
    0.8275723106274889,
    0.8126838699063657,
    0.2996896697799549,
    0.054448884392794494,
    0.64570711965969,
    0.06500185764944655,
    0.5404765503161963,
    0.088352805238894,
    0.07043927361290958,
    0.04019942906376894,
    0.4154601415414372,
    0.47093750088787734,
    0.8379690730164532,
    0.4383863095588908,
    0.37068979395291124,
    0.10327293312898023,
    0.8390077746851136,
    0.07054313367658771,
    0.47465427551271777,
    0.6575552138739057,
    0.27333617359665874,
    0.01830458164780735,
    0.8480469139757857,
    0.5025938072137324,
    0.2352675810837077,
    0.49031315624007765,
    0.9446460209534915,
    0.34248449954496174,
    0.7609705682820955,
    0.7114206804264999,
    0.5895337272305008,
    0.47544854106641976,
    0.9246459221490624,
    0.07467943227030371,
    0.5910028643294243,
    0.5907427926853441,
    0.9427416940333979,
    0.3831344934505647,
    0.5945950574259287,
    0.3415229738295543,
    0.8904532333275207,
    0.5973928649150795,
    0.5312061363396,
    0.6300617816405701,
    0.5931845838061484,
    0.9775614608254626,
    0.5440996041633639,
    0.3871780579556784,
    0.49394045648552243,
    0.20548438204916575,
    0.311743310299723,
    0.6156168903047301,
    0.9494697505020235,
    0.07551771444824906,
    0.46939068430150954,
    0.08732262563784265,
    0.7273830272828168,
    0.5943462253609152,
    0.17520145659890585,
    0.057890137646019135,
    0.18970673694984808,
    0.9301290837487327,
    0.46057421237439466,
    0.273539927123321
  ]
}