{
  "iteration": 199,
  "timestamp": "2025-10-05T00:34:06.711338",
  "pid": 43830,
  "random_data": [
    0.9997795708012348,
    0.16041846017769879,
    0.24735520284099732,
    0.6223011269211985,
    0.8302966520284552,
    0.016715521802824762,
    0.7508456687786281,
    0.6057110412264282,
    0.04087517641499072,
    0.4775517942641534,
    0.3316628801653153,
    0.12427952844754264,
    0.35246212722663484,
    0.5204038077755209,
    0.8071894119453524,
    0.9349810448376995,
    0.9065613513695958,
    0.8664484501972028,
    0.9898573245292925,
    0.29337262272550846,
    0.5649566446340688,
    0.05275596388026926,
    0.6609217653030665,
    0.3283200416891673,
    0.09789200643762808,
    0.19205054339886907,
    0.07278743898657347,
    0.06000867132857568,
    0.5538173795656134,
    0.27855183485542323,
    0.29931683831761624,
    0.4706140027728133,
    0.23116746439419056,
    0.8888127789733512,
    0.49721256009903647,
    0.6300394210912145,
    0.38210493109843324,
    0.8947785426503071,
    0.4844562291490929,
    0.8215232769231325,
    0.2356861011741319,
    0.47721822963502003,
    0.8832075466632754,
    0.9627820891184986,
    0.38915252109914156,
    0.8078503973600799,
    0.7883912719516422,
    0.4884440405579351,
    0.48025316396540874,
    0.23672682501816011,
    0.2149648249250331,
    0.6019466554904594,
    0.841847366180392,
    0.9904898142481355,
    0.8203636450607736,
    0.8396887596266439,
    0.232456642073678,
    0.32592314090744245,
    0.6447441822144008,
    0.9332511151390488,
    0.7721063694621826,
    0.04986987715590152,
    0.8917372351538211,
    0.46286871435964927,
    0.7696980459292175,
    0.47175986171613593,
    0.6414532452543612,
    0.11614655064200896,
    0.39761169346529524,
    0.007784433151289405,
    0.43388238520042177,
    0.25761074101661974,
    0.4423124945942787,
    0.1291820438354485,
    0.6724216281999866,
    0.1708848054154034,
    0.7660717794306293,
    0.9409573880181631,
    0.9277620356947983,
    0.6171976443881273,
    0.9960492719599127,
    0.9781776667088478,
    0.21721702987748026,
    0.5222794426070427,
    0.45043478992311825,
    0.8670882584773847,
    0.5372038139472074,
    0.7276384404389593,
    0.8709719085632223,
    0.027863528170760876,
    0.4480879593114466,
    0.82258764714101,
    0.8558817380892679,
    0.73770514081993,
    0.7124132675775766,
    0.5031372497575082,
    0.24309997161672525,
    0.7588283558476956,
    0.8171323019835758,
    0.5656988744742629
  ]
}