{
  "iteration": 126,
  "timestamp": "2025-10-05T00:31:37.214451",
  "pid": 43830,
  "random_data": [
    0.44866275443588355,
    0.2753662410479847,
    0.8809522987304959,
    0.3780065166813442,
    0.8436416362596066,
    0.9806400480228165,
    0.12960155614641244,
    0.2539734962065108,
    0.47811415742197216,
    0.18976600090005113,
    0.6329002225678646,
    0.9143272000318855,
    0.635423307045096,
    0.8566255763053084,
    0.23153073591187667,
    0.3097418697560258,
    0.0009722038672866917,
    0.06793916462684413,
    0.4186130340815133,
    0.7219173509489528,
    0.6067612907701075,
    0.665638243018904,
    0.19911327833732007,
    0.6898402084311152,
    0.7515780457377798,
    0.15762949860699937,
    0.009783429183748638,
    0.885604860666128,
    0.12218817353101352,
    0.2580570306071126,
    0.3262858468612194,
    0.5127911284651518,
    0.6676536756177438,
    0.027756240446410452,
    0.6266938240818265,
    0.6746319185596491,
    0.35770308026110387,
    0.9600691771939841,
    0.8402323168196902,
    0.5890580926850936,
    0.7109949340892497,
    0.5910149510867813,
    0.3186153195977546,
    0.6681209995037312,
    0.06885474566757055,
    0.9199118134081646,
    0.3461854729929452,
    0.9492404910867942,
    0.9687683259942524,
    0.28345732638948795,
    0.48359496148405234,
    0.40734888946719305,
    0.791487252029724,
    0.7042089215859971,
    0.7110111428729461,
    0.2728159759032872,
    0.6992080949579363,
    0.24027718255386343,
    0.9579258388940742,
    0.8550133750861033,
    0.32997069082991304,
    0.3593091392513611,
    0.518179893074113,
    0.7721300093927759,
    0.8632459503721723,
    0.47436038875754793,
    0.1258320240100016,
    0.1958942672803291,
    0.9221765269262321,
    0.11463434740851575,
    0.08794013185664618,
    0.1775692039868817,
    0.8764811174801425,
    0.21896790811171252,
    0.17487896911329415,
    0.6273738588894012,
    0.5425488548324605,
    0.8001100798523231,
    0.6338736820862544,
    0.1475277694618311,
    0.058472045130830264,
    0.09054436438234836,
    0.7356479007171739,
    0.7161600506782297,
    0.5667506582788991,
    0.12288204670560154,
    0.01745743188300275,
    0.9313263402071819,
    0.24120213100903953,
    0.4346026136352288,
    0.35350954862747985,
    0.9533186555854065,
    0.7735094206972859,
    0.6960650276993559,
    0.062161613683708095,
    0.11249681077151463,
    0.9965613934331852,
    0.6185749692531184,
    0.8643539912859141,
    0.9650752548779393
  ]
}