{
  "iteration": 128,
  "timestamp": "2025-10-05T00:31:41.844377",
  "pid": 43830,
  "random_data": [
    0.2766103422238144,
    0.13374266392444867,
    0.8402589529366734,
    0.9987755208894604,
    0.04627295524751629,
    0.4822647452943255,
    0.5416393955042702,
    0.7967202343046678,
    0.27817247088042263,
    0.9532264288758966,
    0.9958302646430478,
    0.2631114451375993,
    0.2987875713004269,
    0.16833052540918148,
    0.18291380458595807,
    0.02424932812699543,
    0.2406861075550717,
    0.033634967666634985,
    0.21458842947922374,
    0.8699140452137472,
    0.29795816241044126,
    0.6205259266890731,
    0.47666129677849656,
    0.551635869635624,
    0.01964558671645955,
    0.2769218347657192,
    0.4402038474677087,
    0.09046485090052192,
    0.6165484148542122,
    0.6768269146072273,
    0.37791047544760803,
    0.6043971503216091,
    0.7093333482445455,
    0.4606866327519942,
    0.3675907442033166,
    0.16212529650256324,
    0.425796167687592,
    0.8420898941231991,
    0.46675255859650167,
    0.4304802204735083,
    0.9946604761456149,
    0.3677529988793957,
    0.09454356811205211,
    0.2313362278299642,
    0.6910031183470664,
    0.10940240347764307,
    0.9255475525638622,
    0.5342443062625072,
    0.6830260736481045,
    0.7875160560932056,
    0.2925366720601351,
    0.25479418468121273,
    0.9600946237322179,
    0.6144348210703956,
    0.35502177814643154,
    0.764887259081992,
    0.20965135838314441,
    0.6521220997560465,
    0.017803556025064782,
    0.59827493458558,
    0.8751108379318374,
    0.2017383285408243,
    0.6201924206500444,
    0.6180155709902195,
    0.9526432646484897,
    0.17718418139278413,
    0.21427006216125455,
    0.4415797829273367,
    0.4404540154781278,
    0.5531007758068396,
    0.8518159605204056,
    0.056335318675956536,
    0.2093677967787353,
    0.3315045175085023,
    0.7430883528551172,
    0.8952796477519043,
    0.2979023691291427,
    0.7064198505427169,
    0.07060841377005811,
    0.432199471765233,
    0.6157219022271562,
    0.06735211390113005,
    0.9587176198779495,
    0.06681448497428777,
    0.6836800310756952,
    0.7600182606289334,
    0.8401773608035935,
    0.2541088912824476,
    0.5862257783561636,
    0.643095812503256,
    0.14231554091780718,
    8.053634496518747e-05,
    0.7124574228111527,
    0.660975200998709,
    0.2243374855753275,
    0.7704506851012073,
    0.621717100268186,
    0.018996341581877574,
    0.6496733454416871,
    0.16980068399993664
  ]
}