{
  "iteration": 120,
  "timestamp": "2025-10-05T00:31:23.502769",
  "pid": 43830,
  "random_data": [
    0.7847388062636319,
    0.4370097365071439,
    0.2801435014827729,
    0.9872474192129941,
    0.9713082798519215,
    0.9137629895767977,
    0.7383068271832687,
    0.07516800459807249,
    0.875391114310027,
    0.21265675745742518,
    0.25518462516752793,
    0.889844398593262,
    0.673520478412892,
    0.6630303566516081,
    0.4954683731564069,
    0.8456861972441118,
    0.315586281054538,
    0.47499876480195624,
    0.12278732111545632,
    0.8020868063613041,
    0.39423107074703045,
    0.8200624040388348,
    0.40160807357715733,
    0.726257941592375,
    0.9669182786983044,
    0.931579562394473,
    0.8194500251157819,
    0.0840133192394853,
    0.06660004202345393,
    0.31385506930409524,
    0.6669410336903889,
    0.9819133025174417,
    0.1430668277663264,
    0.8616853881326195,
    0.1823994290028128,
    0.5720961781221627,
    0.39316199432449983,
    0.4231408308678124,
    0.4181885550654374,
    0.8605707206443222,
    0.010860128809878522,
    0.6064444200632019,
    0.5998598987707492,
    0.9037388546615452,
    0.6653597673323077,
    0.40337723591210806,
    0.02930342672257602,
    0.5620976068071037,
    0.9654734063760939,
    0.8160649885856872,
    0.9101589824629417,
    0.18151865049505,
    0.9188759127501734,
    0.5223184963973724,
    0.8739654215911409,
    0.740320620364302,
    0.303397381274479,
    0.3018503853894313,
    0.2022472913650818,
    0.7023640586332852,
    0.21818623468171972,
    0.4164397567275112,
    0.7128278869660074,
    0.40517919928041024,
    0.4167230813907783,
    0.7039140897202112,
    0.6606563056536611,
    0.8264858269713475,
    0.3951633752835215,
    0.020141369779380747,
    0.7709360228386571,
    0.24127999913165898,
    0.015161199101123013,
    0.6373502596934164,
    0.14252457867673685,
    0.03452778780777965,
    0.6595788279509357,
    0.8946364490500998,
    0.27347339363426426,
    0.8210990906664607,
    0.6760363102589583,
    0.5660712883806416,
    0.802504921969588,
    0.43241489745510064,
    0.06504774041814265,
    0.2340719336025402,
    0.21586192902550572,
    0.1950262221396626,
    0.3150185956171375,
    0.7276191879212961,
    0.021378188059878345,
    0.8989086513175866,
    0.8371494846610037,
    0.894652108729343,
    0.9857950864826285,
    0.6469289876215851,
    0.2366077188978819,
    0.632078115248498,
    0.4758411025665764,
    0.10700430758220991
  ]
}