{
  "iteration": 137,
  "timestamp": "2025-10-05T00:32:00.675705",
  "pid": 43830,
  "random_data": [
    0.8616979728643234,
    0.7292544553275491,
    0.31637200922210706,
    0.6222717723972244,
    0.3464089428626198,
    0.6091659910961194,
    0.3304935422672508,
    0.867100053698891,
    0.5849002055752758,
    0.49621555645287774,
    0.19527520273386745,
    0.7589825090976149,
    0.20740791125041114,
    0.2511139913824548,
    0.4269426834538438,
    0.06506642252432226,
    0.39334623736227836,
    0.8775046266669191,
    0.49920907609012166,
    0.4198135396874201,
    0.3713259960718126,
    0.8783526502097555,
    0.7076142507008523,
    0.34457982668599685,
    0.9037614165747252,
    0.4045853103732472,
    0.5558599596181678,
    0.8452761006507837,
    0.32106417708462254,
    0.8195337971810442,
    0.018492948248432617,
    0.19903371069951226,
    0.3290259881417198,
    0.7162196611053414,
    0.5828216473857096,
    0.899754879701979,
    0.2948989507320515,
    0.5011249968716277,
    0.09104370028042996,
    0.9221817360452,
    0.031622293317690287,
    0.4310640585437501,
    0.27494594568040953,
    0.04969147848872857,
    0.0578299190456415,
    0.22513011045916964,
    0.8620835975913691,
    0.8121388967290484,
    0.521998645143707,
    0.12256477576705171,
    0.6524146036198245,
    0.8247522113121879,
    0.235530892420156,
    0.14884378794366226,
    0.8847409207902464,
    0.6541050235086555,
    0.7916862624908048,
    0.3336874553410293,
    0.6860139000457506,
    0.543030922384711,
    0.4394659682302975,
    0.09613536221939178,
    0.5714732868393068,
    0.5362901840991456,
    0.9816189045581909,
    0.388598069812354,
    0.5356022669649828,
    0.22135470199299834,
    0.6946325377354049,
    0.71968255688515,
    0.2332413421300663,
    0.6580738777836643,
    0.32847170791660874,
    0.5588477916085209,
    0.5394709919303384,
    0.48038994574110017,
    0.21906656951150427,
    0.2114880347833199,
    0.5950354576366966,
    0.6559798880444975,
    0.726332855701515,
    0.6647071973804233,
    0.6373261616592628,
    0.49372798088174674,
    0.9812296722604841,
    0.2654826731281602,
    0.6096446630161756,
    0.5055862983832814,
    0.27550985841507636,
    0.2013138831473913,
    0.4199511334341446,
    0.7096386904196392,
    0.03389519081788728,
    0.7615707387049548,
    0.6542681616985556,
    0.7157698311300218,
    0.8812534124793852,
    0.8857576665526466,
    0.22222895890535388,
    0.6340367705528626
  ]
}