{
  "iteration": 162,
  "timestamp": "2025-10-05T00:32:57.144515",
  "pid": 43830,
  "random_data": [
    0.006355673170176934,
    0.287262739854519,
    0.5760714080786264,
    0.8183357295152696,
    0.36281699108754706,
    0.9151607031980599,
    0.07113659635066627,
    0.709381509914082,
    0.09036542163906369,
    0.8859992990956237,
    0.6848656567080705,
    0.870695724322307,
    0.2010659001003925,
    0.21893701502412233,
    0.6409979461387753,
    0.8787380254319922,
    0.38824072369507034,
    0.16428671063384015,
    0.06933177500085974,
    0.8137075482321503,
    0.8691457518587702,
    0.035813560269885136,
    0.9925299198609827,
    0.3825879835271663,
    0.6548056519374857,
    0.8051978233964561,
    0.5459012613937091,
    0.9263053648940219,
    0.22763462045809313,
    0.9401293607581399,
    0.8530301133229568,
    0.5158754912338276,
    0.17014939559711717,
    0.7733900307569543,
    0.16113806047956936,
    0.4175655426314936,
    0.021176537476384483,
    0.3603354515293522,
    0.0803084076504762,
    0.26535734780195674,
    0.10674280010676895,
    0.8318930542309614,
    0.53981205976867,
    0.3965492882537859,
    0.03206385535991241,
    0.8477246273581464,
    0.624338594258978,
    0.17066692428670915,
    0.7680083068281935,
    0.6819265597107165,
    0.9564335391952162,
    0.4929314243887284,
    0.8964869979206305,
    0.284339078174487,
    0.24446339380127213,
    0.9420491246726662,
    0.3277723762478836,
    0.8320909112087971,
    0.31306395931787023,
    0.48512964427324945,
    0.779651446102703,
    0.5584067649686678,
    0.6642402446959597,
    0.5328678697118077,
    0.5539062286177342,
    0.6849657250042906,
    0.6888399796898298,
    0.8612610151217439,
    0.6102634147460201,
    0.5358078777420642,
    0.6286074041694122,
    0.02726248789292207,
    0.9584105932701669,
    0.3989678738687278,
    0.8591767875524575,
    0.12949815565120382,
    0.9694074141046775,
    0.12160061080911388,
    0.02265420626159753,
    0.505116864903877,
    0.5168810031365803,
    0.22831602095283832,
    0.7753935414452222,
    0.5706240333016352,
    0.2054018440444022,
    0.6610163370493589,
    0.6478268055896114,
    0.044143888263819764,
    0.9111177887633491,
    0.05106491594996865,
    0.8882694322879108,
    0.38594911440924995,
    0.4521118483957487,
    0.5897936650557756,
    0.5798594270723186,
    0.6617345731948792,
    0.5316559310313386,
    0.772947825135139,
    0.008613160569351241,
    0.05868938136419044
  ]
}