{
  "iteration": 87,
  "timestamp": "2025-10-05T00:30:13.750333",
  "pid": 43830,
  "random_data": [
    0.8236927973552755,
    0.49963337498973026,
    0.29090486091641143,
    0.41721483616112354,
    0.12685205208014627,
    0.6769373034222107,
    0.8496560514530938,
    0.10555519110171996,
    0.7926421954234245,
    0.6320251966132354,
    0.5612672678484298,
    0.308087528694834,
    0.4198923065935233,
    0.5860991679246589,
    0.09035684942375155,
    0.5668957560039446,
    0.9860849446432591,
    0.643148965625214,
    0.08410213637095376,
    0.21584031586313146,
    0.04615462198340048,
    0.30471539099244604,
    0.6431333062954142,
    0.5920821875984372,
    0.5042982616117798,
    0.9064083007096321,
    0.3621170169195387,
    0.4426772485884708,
    0.7958670407506615,
    0.4780855751345081,
    0.7375570963202734,
    0.12179976769313006,
    0.9758867430085306,
    0.9820334787881199,
    0.39274494163208107,
    0.9852645556324253,
    0.32267957586384544,
    0.9865906478950213,
    0.4285203932019841,
    0.35565793769977505,
    0.20441395972084964,
    0.8720074774188992,
    0.6891756763910256,
    0.7511117321204014,
    0.1837915846289908,
    0.9411475763584922,
    0.30029664710472836,
    0.5237413822006964,
    0.22870687682000412,
    0.8585812601163,
    0.277242391444548,
    0.6340663361629368,
    0.10714038361719969,
    0.48528943555236215,
    0.5012521194465038,
    0.5668149069949058,
    0.7323127121344873,
    0.020238039507848193,
    0.8574173649774823,
    0.5400904385838843,
    0.6835305904097313,
    0.0006685656128835316,
    0.46024636877654435,
    0.314156710664792,
    0.558314632262932,
    0.8668357604456004,
    0.9700903509507619,
    0.06237301814573659,
    0.39399883804917146,
    0.6726998220148316,
    0.2817968734375276,
    0.10454124997202974,
    0.01691590498388207,
    0.35210795011953355,
    0.8461273044584744,
    0.020579380721222673,
    0.8594351302436791,
    0.8932674239049615,
    0.767215221430352,
    0.8114859342306993,
    0.46604948978037164,
    0.2160657797012019,
    0.028815620775994866,
    0.39464027538995927,
    0.9227741362670638,
    0.1957137463293548,
    0.4538088531091937,
    0.7396011880638251,
    0.20342191960451672,
    0.5174639559816148,
    0.005488477344954057,
    0.8649047268231005,
    0.4798248644579023,
    0.29816896255119396,
    0.44336474665074876,
    0.9534523978165081,
    0.6198050909192828,
    0.35158186063163877,
    0.011401076169931024,
    0.6585592924565138
  ]
}