{
  "iteration": 178,
  "timestamp": "2025-10-05T00:33:25.354017",
  "pid": 43830,
  "random_data": [
    0.7089232755646602,
    0.9193905964706266,
    0.795084089959764,
    0.806806158251815,
    0.5263412680808419,
    0.9766244410506218,
    0.2922359776188985,
    0.6673520283184226,
    0.520131307473482,
    0.7357987563463413,
    0.9804647283566422,
    0.8569895491097813,
    0.48022751117254125,
    0.3225774552867573,
    0.4115274533272051,
    0.08492463558052266,
    0.24857640390416524,
    0.9691845112413935,
    0.7974833856771301,
    0.3684057693701036,
    0.04743560701079752,
    0.5050582948195192,
    0.26448275843966407,
    0.031670468774637084,
    0.2782670996658363,
    0.573465695220728,
    0.9441214493471607,
    0.43306925356593984,
    0.20485754005159118,
    0.5835079007534307,
    0.5149747756129188,
    0.22442759129950152,
    0.6679585928744746,
    0.4595602750905309,
    0.3720099378397558,
    0.8894780358719402,
    0.14830303884553908,
    0.9982433298507092,
    0.4703414151709677,
    0.20918524703971308,
    0.5050867347885276,
    0.8499798278261295,
    0.20430970762119005,
    0.9398523835789525,
    0.6422952906502039,
    0.8844561184769821,
    0.9791427760646232,
    0.9325679992985119,
    0.9713126448334681,
    0.19792664292807072,
    0.0649914276818071,
    0.2324354337970962,
    0.22254648183322734,
    0.5079688950769874,
    0.9643055291793465,
    0.9039704132717555,
    0.6325732600267103,
    0.05020748090020288,
    0.790177485587196,
    0.5864610656915422,
    0.8194141407049048,
    0.30781073002662596,
    0.6075013728827765,
    0.237555944503287,
    0.8787543697048126,
    0.4096086868812543,
    0.7667883075903444,
    0.6532242410941995,
    0.45276786215804965,
    0.6388597641303103,
    0.9069241979764869,
    0.24063522916663882,
    0.13030415976924992,
    0.4822349136519912,
    0.7462848978723885,
    0.090008624509196,
    0.5940349103261372,
    0.5087114002739879,
    0.12074648544899935,
    0.6342879861893364,
    0.3255925568294774,
    0.7915491801564745,
    0.2782139091079132,
    0.09728110875373919,
    0.9454354957383599,
    0.8594090792022455,
    0.4426284369853243,
    0.5095349083626365,
    0.17900309641008483,
    0.5336503352226801,
    0.12263278052924942,
    0.996429430959685,
    0.11886689046461274,
    0.3370841252885819,
    0.07250062571793514,
    0.7111658023769368,
    0.8636531073908589,
    0.15987084586315614,
    0.3040615617095599,
    0.5646246870268237
  ]
}