{
  "iteration": 148,
  "timestamp": "2025-10-05T00:32:26.547176",
  "pid": 43830,
  "random_data": [
    0.8978899362276959,
    0.4488605870881942,
    0.06437876150144661,
    0.6043772095008405,
    0.5704306532995344,
    0.05318304619823422,
    0.1488942736188117,
    0.6386086514245222,
    0.9967934991548564,
    0.23995357864622835,
    0.32091482459420095,
    0.7638192260229273,
    0.631792810203576,
    0.2820872161320811,
    0.14357709742972047,
    0.11400504700124425,
    0.9645222238444704,
    0.5327948730223296,
    0.3246995798300365,
    0.47735598923258615,
    0.4138368477464406,
    0.5190290066847945,
    0.9580321338327457,
    0.8955043559677168,
    0.7887609411735039,
    0.3699000654916639,
    0.45794464483252595,
    0.9580452925057321,
    0.5579532084945675,
    0.26262619813715815,
    0.5717090683833426,
    0.9746093423262057,
    0.7825472162073838,
    0.40139323944202154,
    0.11009839127313659,
    0.8828088830918355,
    0.04140035052397717,
    0.5432360983709653,
    0.19526394403223024,
    0.31834306453167494,
    0.8730662274821642,
    0.8567389980365709,
    0.23900501412637165,
    0.41530012707460195,
    0.6602048516892763,
    0.7187560731808065,
    0.7898672264896351,
    0.7534819080143298,
    0.6752227724646462,
    0.17693582792549034,
    0.42974719248281434,
    0.32282800717858884,
    0.3481863843234698,
    0.01515760262042709,
    0.465012778164721,
    0.7528818630285558,
    0.8595798036129148,
    0.9781406876974175,
    0.5404961777887868,
    0.043483508333248766,
    0.6798250848098142,
    0.7351450559574455,
    0.152691745698191,
    0.868495679845717,
    0.16201493669980738,
    0.1822499126601399,
    0.20097241342276406,
    0.0030112837000636494,
    0.7383392988106999,
    0.5709900293789977,
    0.13037846100724793,
    0.7589841228105608,
    0.43227454639744367,
    0.15869763068265386,
    0.6695328413429448,
    0.9549781405894697,
    0.9412930267978101,
    0.12250720007803906,
    0.3378790855279231,
    0.17028020951627842,
    0.7906385076438873,
    0.8318955332576199,
    0.8302369026024395,
    0.42561033174248053,
    0.01624260504614139,
    0.7442121509374552,
    0.9466648033281171,
    0.3419428556508255,
    0.8334586233351059,
    0.929230304410565,
    0.3444263684266985,
    0.771364310596582,
    0.31211291668345886,
    0.30852275731993883,
    0.9445759467908348,
    0.3259377967391489,
    0.5863314861708354,
    0.3861195917738458,
    0.9278837590882595,
    0.1109931280285874
  ]
}