{
  "iteration": 131,
  "timestamp": "2025-10-05T00:31:48.204075",
  "pid": 43830,
  "random_data": [
    0.13823366992355013,
    0.9434916093678586,
    0.023024357538255602,
    0.21441371907729379,
    0.9120643664198339,
    0.1986873953576399,
    0.9264068700800021,
    0.013384775827756545,
    0.7094363417224249,
    0.043788327924971004,
    0.8129202151624925,
    0.5149804412733158,
    0.19538173978274942,
    0.6578339973225621,
    0.08943032078071134,
    0.1596644291014414,
    0.6501719832141759,
    0.5741982077322833,
    0.18362191346189327,
    0.7783327066573078,
    0.4954010300680748,
    0.1487730373940419,
    0.5338711336778996,
    0.9248385651596013,
    0.33149541288479845,
    0.03422194393596656,
    0.5465425262979796,
    0.451565840082627,
    0.5651036564385165,
    0.836989155998991,
    0.5218730267840777,
    0.06821384370746797,
    0.758357759159146,
    0.7476248157049611,
    0.015276771688320201,
    0.9879718542535606,
    0.38984704707735784,
    0.8844652458274004,
    0.2605591663356154,
    0.3381391101385294,
    0.07225041517644826,
    0.3154795813155654,
    0.8576030541123439,
    0.4733829471260921,
    0.3840803105770588,
    0.6985092324957087,
    0.24118456908890717,
    0.17005506746857746,
    0.8591937071100292,
    0.22039611745721355,
    0.06943780744140671,
    0.44427549630779684,
    0.623104580076368,
    0.1626648132781714,
    0.3790130719278908,
    0.7450923676161963,
    0.49227125365167135,
    0.008063402257581842,
    0.6337215175011626,
    0.391453916702423,
    0.10539640723150123,
    0.790121464375129,
    0.7697515518595961,
    0.5180834610876823,
    0.2788356187179164,
    0.36001483331414386,
    0.9689047321342377,
    0.9996857949099719,
    0.6414941784347927,
    0.8089439423567861,
    0.6529580379457457,
    0.6496235338004744,
    0.24868787781049462,
    0.011492149030420062,
    0.8029088108528663,
    0.3403549107152962,
    0.7517094598098927,
    0.9554737477380519,
    0.49746239708968676,
    0.01661345861514374,
    0.0200681361578946,
    0.18409666032778693,
    0.6803524949468538,
    0.09254744642922119,
    0.8534917128757393,
    0.8256770905567654,
    0.05798667550409353,
    0.5950753710713826,
    0.675242333288651,
    0.025973975032588692,
    0.46026229583454314,
    0.5069137506176792,
    0.8242943018220407,
    0.6661480943558177,
    0.1343906515320511,
    0.450412150047395,
    0.18567008696452547,
    0.46850602211249026,
    0.7612669196644501,
    0.6373762487648756
  ]
}