{
  "iteration": 167,
  "timestamp": "2025-10-05T00:33:05.191009",
  "pid": 43830,
  "random_data": [
    0.6650142501835065,
    0.7878761977516451,
    0.43237664169615664,
    0.4819284971617541,
    0.1574279900732406,
    0.2675134373253767,
    0.31094218355464354,
    0.9343329161488487,
    0.29418087838509754,
    0.9572506467919298,
    0.7182093624899734,
    0.9008379598908819,
    0.735234314978129,
    0.9160464521764387,
    0.7687440327267401,
    0.2814914865562804,
    0.8960569215166151,
    0.23392542924389237,
    0.29079243809590616,
    0.6432880837028274,
    0.8663416314567817,
    0.5262488679504551,
    0.5529943249653215,
    0.7808850691103215,
    0.37562345998729796,
    0.46585768013747886,
    0.20845176091226025,
    0.4013148050862695,
    0.20704989265018348,
    0.840537347628411,
    0.8659878468134579,
    0.15557415094248495,
    0.5814646305017042,
    0.8543215768956739,
    0.21067339434955057,
    0.13991784960771148,
    0.4892420238728812,
    0.486528586559862,
    0.4620837872487079,
    0.20339491547989386,
    0.12644091014959724,
    0.1867122328728701,
    0.26221008163385906,
    0.3248193070962213,
    0.1412089418332657,
    0.2413029398525991,
    0.4424212815446399,
    0.34753749054242045,
    0.21619690101292932,
    0.48721929919567797,
    0.4032375201452977,
    0.5537077046775241,
    0.5373051141336139,
    0.32979000716747287,
    0.786981047836618,
    0.36402627043063995,
    0.11397277151710661,
    0.5715948287952766,
    0.4405910324059187,
    0.7598359981054158,
    0.9273555084494371,
    0.9124595643519869,
    0.43616664073475586,
    0.7596388186805474,
    0.2863691340913481,
    0.08121911095085566,
    0.8614887019087241,
    0.24477504258363503,
    0.5053988238313564,
    0.2704015883625476,
    0.8513362193854609,
    0.689320561654675,
    0.44453505092126444,
    0.2772124435249924,
    0.09946088660657615,
    0.8817234258827971,
    0.06099402909543683,
    0.16607588879966273,
    0.566978908865416,
    0.9671509451787658,
    0.5211139095823668,
    0.6932269795737018,
    0.7301875617258882,
    0.8093257654453156,
    0.3256852270649442,
    0.3851195705290077,
    0.06837341584333856,
    0.0583161226130019,
    0.8489215196689661,
    0.5599870242011771,
    0.05314995576735071,
    0.80019798150718,
    0.9262976772048903,
    0.7173260850836781,
    0.8769315473680682,
    0.12930824112461303,
    0.3373175259508212,
    0.6068514382244738,
    0.38471258835731426,
    0.14926648212763283
  ]
}