{
  "iteration": 107,
  "timestamp": "2025-10-05T00:30:55.900836",
  "pid": 43830,
  "random_data": [
    0.8811034226398273,
    0.5859744212647751,
    0.32026365870901363,
    0.30396492461960933,
    0.6471499753664168,
    0.00532294882488471,
    0.2175090800556425,
    0.9759588524685614,
    0.20480647237429916,
    0.821292483838923,
    0.25490134252975116,
    0.05137485695509281,
    0.8872830715017279,
    0.9245068151650179,
    0.9646332874256381,
    0.11636487597271261,
    0.9550733180727088,
    0.2961895981338214,
    0.4834343753249254,
    0.21421515288491066,
    0.6588171295097043,
    0.747449822840717,
    0.3146976149439177,
    0.8707113701158442,
    0.8251152501600866,
    0.9692443555308108,
    0.9434916253674277,
    0.04557653995685662,
    0.3956245941102,
    0.9192408565391422,
    0.5534953436595388,
    0.9228538121317641,
    0.9400374960729388,
    0.2397695590900475,
    0.8910771671399751,
    0.3373881961239119,
    0.331654420062223,
    0.3275572138465086,
    0.08042324549407953,
    0.6678557290609262,
    0.5807588407874433,
    0.44365735903835246,
    0.6174264054797837,
    0.6810389895869853,
    0.19004189485140965,
    0.6659065406444463,
    0.5688419641119182,
    0.9829711518423996,
    0.7511633845190882,
    0.958242058910935,
    0.6245069405344243,
    0.36669976519026515,
    0.8271486004449727,
    0.783215105279932,
    0.32915257392508024,
    0.1488477147158921,
    0.6755569959587117,
    0.2235458059461246,
    0.7168022349385191,
    0.8658737984462666,
    0.7047184300588791,
    0.2722855083230993,
    0.7549407148970494,
    0.9781377393673373,
    0.8729672850689082,
    0.115441486734428,
    0.7541107478555272,
    0.8959589563392207,
    0.1477962808252572,
    0.9673617211556543,
    0.11371618704717579,
    0.1829120948281392,
    0.9781281724426245,
    0.7572023930242205,
    0.6678353279631452,
    0.19673762267961115,
    0.08725883372709142,
    0.054652771190990435,
    0.5135787193129224,
    0.036501857119430325,
    0.50532556992954,
    0.683689504847613,
    0.31292594957766073,
    0.20371532270147885,
    0.06359445666761099,
    0.057750029724235485,
    0.9545334708481286,
    0.03153848577624607,
    0.9239654859566824,
    0.07613692120888405,
    0.9387150371172792,
    0.5826256259124994,
    0.6738803619935347,
    0.4597699056455149,
    0.6867900569935549,
    0.3738175548676941,
    0.7990410136477981,
    0.9708576520972482,
    0.02147256691013344,
    0.3111242648780175
  ]
}