{
  "iteration": 89,
  "timestamp": "2025-10-05T00:30:17.754526",
  "pid": 43830,
  "random_data": [
    0.31046065399298406,
    0.02271213433457353,
    0.11617764062300329,
    0.9973285075378284,
    0.4298540645590443,
    0.49072201800704873,
    0.23206246380785955,
    0.34675547247248495,
    0.19123427849044594,
    0.9914658991691505,
    0.0272777686305532,
    0.8732353484039261,
    0.6573498050490648,
    0.529403839974946,
    0.3057886095512684,
    0.8688888112914585,
    0.710468927478909,
    0.6649352937480495,
    0.5780528355630383,
    0.9698301614467155,
    0.414403258545883,
    0.4205682929592153,
    0.2896249408866949,
    0.27667880964076486,
    0.2524001450499235,
    0.7881896627186267,
    0.10578415349455617,
    0.9835273842694253,
    0.4404494635539997,
    0.3812006791641772,
    0.7446807131660839,
    0.4787383655022539,
    0.2579633144951866,
    0.19490100949140066,
    0.6852148889644946,
    0.6082485608742575,
    0.5439947886460431,
    0.3261211697462948,
    0.9266336078646483,
    0.27770995049680025,
    0.26648773161045247,
    0.33045453414232795,
    0.5344180776965363,
    0.015232475614049279,
    0.2779152475751513,
    0.8165768164235994,
    0.33691122976306465,
    0.7142605530781335,
    0.4326659720486682,
    0.2284044244270238,
    0.8529747737065215,
    0.9675230106280229,
    0.5366177774934244,
    0.7014563224583289,
    0.5592146734162888,
    0.9484623833014124,
    0.7517034294348384,
    0.8584977500576176,
    0.3416707658110626,
    0.08275326022726559,
    0.723035096692741,
    0.3539691740796037,
    0.9312574565277115,
    0.9519520072368839,
    0.592750293964122,
    0.7453642036206491,
    0.9941935591866157,
    0.5270680855559609,
    0.7061781771738046,
    0.7256903072646552,
    0.35502535167772786,
    0.7032972625177055,
    0.514500998517813,
    0.4116335992792799,
    0.09261935683680578,
    0.7501649010766233,
    0.7105827589729885,
    0.43542954820177093,
    0.22992520542749717,
    0.08646384224127845,
    0.7393880874976627,
    0.23802823998400702,
    0.5654522252613087,
    0.059194271750034666,
    0.048169829004262255,
    0.4466895250881546,
    0.37898832070876853,
    0.6111650782195718,
    0.08332679609641169,
    0.7825326332235819,
    0.8859216073722121,
    0.5432765497209837,
    0.6227763476107171,
    0.1853006853008602,
    0.9882098714172107,
    0.8742881669925976,
    0.937343253199312,
    0.058848755256291074,
    0.38699578266310874,
    0.8668254867563504
  ]
}