{
  "iteration": 175,
  "timestamp": "2025-10-05T00:33:19.067119",
  "pid": 43830,
  "random_data": [
    0.9223879864123808,
    0.9019078850572884,
    0.369947353184486,
    0.08850161236284548,
    0.7985407247438344,
    0.12685362183077054,
    0.84613701627146,
    0.9027750459494501,
    0.6907974330527326,
    0.92351484509031,
    0.5519433386213126,
    0.5064380334995969,
    0.9182966937644864,
    0.40965521846487696,
    0.21654641613478687,
    0.11252749520992955,
    0.19993053974529962,
    0.7151962810663691,
    0.6741632811588452,
    0.4491348321759103,
    0.22381126020694153,
    0.33581064774764635,
    0.23318372682060762,
    0.11467457822270133,
    0.8614944845800935,
    0.3244109699836878,
    0.8127841027724014,
    0.08467457463698935,
    0.6785836661312075,
    0.6003714272587882,
    0.5806591741182575,
    0.1691303028237351,
    0.16574353866390645,
    0.693338669693227,
    0.24336847309904475,
    0.6416091770107372,
    0.7703690183983728,
    0.601945621764333,
    0.7651945595362452,
    0.1549288560043549,
    0.4423384242255971,
    0.020240866051438045,
    0.8534563818875878,
    0.8375358155855332,
    0.41375118372991815,
    0.8788868486863847,
    0.8888456492100921,
    0.11702102461978325,
    0.5555994407006312,
    0.45418551165186005,
    0.8067117296273197,
    0.556231463055785,
    0.8536991779740964,
    0.8405825796121258,
    0.5756698309557204,
    0.9126690891493144,
    0.6186784859833301,
    0.17989208016263547,
    0.8611667394809821,
    0.7727353644409908,
    0.734605823072516,
    0.2990415952469695,
    0.777019178485833,
    0.44528035087032514,
    0.2728922785138318,
    0.7167372264719458,
    0.7804194675940693,
    0.8906841887123237,
    0.8246561361450121,
    0.2977346352529415,
    0.49827445871121057,
    0.2842738101280111,
    0.07678823483220576,
    0.7392496436693223,
    0.08582864301133031,
    0.2298723800627488,
    0.9041359671360929,
    0.11026092812940114,
    0.41565788358691313,
    0.16028836544688085,
    0.43413265541736223,
    0.03716016500206809,
    0.2806435564820694,
    0.6932144425045442,
    0.4895901873436399,
    0.8884153085074161,
    0.6215165998754755,
    0.6547464039125539,
    0.8695433161861608,
    0.4173397549740294,
    0.6861579069765442,
    0.5017011996486649,
    0.2812627406392487,
    0.8397324539783009,
    0.7030872731347418,
    0.6366531141380284,
    0.6286895322649172,
    0.6975630233547124,
    0.4555861567101259,
    0.2735460774955002
  ]
}