{
  "iteration": 165,
  "timestamp": "2025-10-05T00:33:01.991424",
  "pid": 43830,
  "random_data": [
    0.7981554406652107,
    0.28707799942003853,
    0.03969317339563028,
    0.30248301308118286,
    0.031809451113822496,
    0.5533710993813122,
    0.8562083570769584,
    0.11180138731054812,
    0.8531479128154849,
    0.5559880921114843,
    0.5989835162318552,
    0.8090586678512539,
    0.6641463955935226,
    0.5663645732363164,
    0.7590405267858076,
    0.006270615299016735,
    0.3771239938579052,
    0.003051932483264408,
    0.8054835631000464,
    0.5355060473896754,
    0.06994655387436088,
    0.6683593146684909,
    0.7049528237096454,
    0.21565005097320644,
    0.4476076078725363,
    0.2653790316960527,
    0.7689068801281922,
    0.4575598284780965,
    0.2135286180287873,
    0.13641672838815289,
    0.9910091591630815,
    0.16215774799086402,
    0.12507395661533072,
    0.8254759649868427,
    0.8453530963584466,
    0.10633113885837908,
    0.8114476978040597,
    0.5938132850729742,
    0.48275789694305127,
    0.28684911765860577,
    0.4321934125707073,
    0.4106245664453694,
    0.043524037800731774,
    0.6939882491437326,
    0.14221756899919968,
    0.0036867275491289098,
    0.005810995214044157,
    0.9168695120563967,
    0.6171266102325749,
    0.7496987550697107,
    0.424487554404544,
    0.4742243230207994,
    0.06913931322759648,
    0.7498889991750296,
    0.48047623429994923,
    0.7353757155288654,
    0.47293563696966445,
    0.486774387088851,
    0.9474695523212184,
    0.2589734120654764,
    0.9673288928180908,
    0.9105061517119194,
    0.22452907975645753,
    0.4721935266075008,
    0.09963182131830439,
    0.41781464534303925,
    0.042974279268850224,
    0.28014406932623725,
    0.7530366641824138,
    0.3058703633071752,
    0.9696005196372475,
    0.5510993566543684,
    0.12277548270387861,
    0.19112454774702092,
    0.3430097499250522,
    0.36757723933992115,
    0.2824503268508869,
    0.6784579662375405,
    0.09880902255922597,
    0.9436074696625668,
    0.45869342100147836,
    0.7031160303844849,
    0.4322772691444542,
    0.3764544801968389,
    0.44665376906743626,
    0.7956269941656643,
    0.5727481709172675,
    0.14236938319027448,
    0.8543362050727975,
    0.6876413749632508,
    0.6450320388098907,
    0.9975724207514918,
    0.9020821481551662,
    0.5337869607284151,
    0.2943961679507081,
    0.9844298027073893,
    0.03852328045182152,
    0.5036327830971966,
    0.9595054711330583,
    0.8091588884507355
  ]
}