{
  "iteration": 100,
  "timestamp": "2025-10-05T00:30:42.325485",
  "pid": 43830,
  "random_data": [
    0.20077277468366173,
    0.10468224087001421,
    0.8102689191987104,
    0.18658941759193237,
    0.5206556454420617,
    0.6802077454658183,
    0.9778098234698467,
    0.8740668504838747,
    0.6701690664151269,
    0.02509565069416919,
    0.3930146963702347,
    0.7415906508267675,
    0.09552318788637182,
    0.05074166590033824,
    0.16711436070125074,
    0.07250697664979366,
    0.5033522063602558,
    0.9811150207472662,
    0.5028123860567556,
    0.2636033603037877,
    0.4192139460020631,
    0.19981759495552232,
    0.20196208333984644,
    0.10715969679189496,
    0.3941528605608652,
    0.69312831615457,
    0.7674844753987162,
    0.5049907048771954,
    0.38790568937917524,
    0.574141838420497,
    0.9023574415890048,
    0.10775061148565301,
    0.4359241277506105,
    0.47307126042732306,
    0.6042214122440577,
    0.7223071130497709,
    0.373536115063119,
    0.2683255596156705,
    0.5655595728899858,
    0.705825290618213,
    0.5605326102804048,
    0.048146247687482324,
    0.6754810567864419,
    0.6289892896155054,
    0.8931312864717097,
    0.24184399698725,
    0.23694112340128437,
    0.32230790429373435,
    0.34948209867882374,
    0.07282280353065806,
    0.738407624897267,
    0.45535216384028065,
    0.9578505598408904,
    0.048869672858769864,
    0.6552563332706856,
    0.27826239790704776,
    0.6543032204419603,
    0.07655012384750781,
    0.8844606255682533,
    0.43827438862020707,
    0.9734691946120252,
    0.09552984609995974,
    0.22645030713898828,
    0.3424799454600518,
    0.6840657563888094,
    0.23986016382653208,
    0.26303113354966035,
    0.4470122531106151,
    0.5173884853795544,
    0.4826155849767271,
    0.40638514893569,
    0.9479713674102644,
    0.762273875975687,
    0.2284664529802467,
    0.874474958616239,
    0.8892817107093333,
    0.27949264067575474,
    0.7488917080489429,
    0.2444867838131094,
    0.22902030473472368,
    0.5232483817378478,
    0.2692407436304016,
    0.6618784785326068,
    0.528835552168754,
    0.8472518565915284,
    0.40335443304656726,
    0.07265651133036577,
    0.9917642122218113,
    0.9070757797832831,
    0.493095496081708,
    0.46949269325822296,
    0.2647570740065105,
    0.3294788177160398,
    0.3608013757972479,
    0.8472762523397233,
    0.9594312083975582,
    0.10882801973005285,
    0.9801124096757552,
    0.06811905479697267,
    0.7710035350585233
  ]
}