{
  "iteration": 152,
  "timestamp": "2025-10-05T00:32:34.591703",
  "pid": 43830,
  "random_data": [
    0.6841257443898171,
    0.23262623407474992,
    0.04163405050755664,
    0.7339129332751434,
    0.3103138665919474,
    0.07618878465721968,
    0.5183430995702464,
    0.8833062244508532,
    0.9128689435062632,
    0.9208875274423023,
    0.8126111150564,
    0.2860272004666654,
    0.9716031450176995,
    0.49902815687292645,
    0.3901929927329234,
    0.8654924086624896,
    0.3573582940601415,
    0.85099451052502,
    0.8537154696642674,
    0.4280572593738997,
    0.0574213319700726,
    0.37150346159859393,
    0.5101070018902857,
    0.8620901360067388,
    0.24887405033206733,
    0.4687612605035457,
    0.3953269852316552,
    0.9576353398368623,
    0.18633646004448257,
    0.8378483351124051,
    0.7433687669449462,
    0.4152904274801006,
    0.9057667338178568,
    0.6163571903368045,
    0.005813936759920146,
    0.38555532112706736,
    0.291337811515359,
    0.29191395610048465,
    0.22183624971437754,
    0.5480297445170841,
    0.8056687661917525,
    0.841197122486934,
    0.3016665139074661,
    0.7933179591922711,
    0.17151199533987893,
    0.47865039103810736,
    0.08472527186614798,
    0.9946355787834988,
    0.292565519153567,
    0.6968564802413065,
    0.25369637287056557,
    0.02784167914044955,
    0.7043895273694883,
    0.3137431620433483,
    0.7970156569517411,
    0.5881149958592891,
    0.22296783657671482,
    0.3475929927233543,
    0.9955152200924872,
    0.8594154008988725,
    0.10487996077916062,
    0.3824121844695092,
    0.9112261792784192,
    0.6182978722445845,
    0.8920285002109921,
    0.4351810416704506,
    0.4449472923723754,
    0.9993869865240185,
    0.9908973093579806,
    0.9796660678378611,
    0.6011306805347565,
    0.6054445866115328,
    0.29302828938223957,
    0.8187941044692003,
    0.5755504348382158,
    0.2521493079270579,
    0.6911435434916386,
    0.017684302060157142,
    0.6768420277860129,
    0.1239985808873979,
    0.7915641189083036,
    0.8900987934671387,
    0.5379684575429907,
    0.6243656755322321,
    0.33788196594321074,
    0.9933982277286652,
    0.5634792662695309,
    0.6790814551506019,
    0.5036855754971361,
    0.6111251223651741,
    0.3772519293940404,
    0.7694362824971948,
    0.765931557748037,
    0.9485439961978699,
    0.6700647777220676,
    0.11487505135368581,
    0.9531238666364602,
    0.7812416528042228,
    0.7570501273353897,
    0.610978919541841
  ]
}