{
  "iteration": 171,
  "timestamp": "2025-10-05T00:33:12.605263",
  "pid": 43830,
  "random_data": [
    0.4908524838568077,
    0.07232790796547639,
    0.6050848907883772,
    0.21335659572900367,
    0.2558268576730509,
    0.16900785544067398,
    0.6214979784632914,
    0.014563809494437474,
    0.00812188165418326,
    0.6444668178701619,
    0.6884114685529676,
    0.4195355963491537,
    0.0032532889600501713,
    0.8937157163999243,
    0.22218354354914183,
    0.8015777519169308,
    0.3939693245294481,
    0.7308777152170274,
    0.8934560513112351,
    0.37632727989332626,
    0.2603067536866084,
    0.5618010210866886,
    0.9265870011411887,
    0.6104470028774593,
    0.6954330750737041,
    0.8635565889112174,
    0.2982576845690209,
    0.44866728376402576,
    0.8444064568567052,
    0.210481108803783,
    0.9572686552767167,
    0.044632682893980924,
    0.17160080313958548,
    0.8559715761565229,
    0.3241102917210711,
    0.8430786967924502,
    0.942927217718988,
    0.05411067406267833,
    0.303117452332612,
    0.1389470217255987,
    0.8339034625993217,
    0.8980349883044333,
    0.39415259106085365,
    0.7821408233904348,
    0.4478646521628522,
    0.8460226577781677,
    0.3570820412924066,
    0.24616578079869544,
    0.297730016593041,
    0.8129939984309903,
    0.08247913708710775,
    0.7694545297602905,
    0.5978469313123211,
    0.813952983039155,
    0.1998854460614975,
    0.8063123606495035,
    0.06945062115722211,
    0.7747134708951154,
    0.1908076572528392,
    0.535466783626842,
    0.5172837058287517,
    0.4253705649568984,
    0.4537474307606857,
    0.23684108427052986,
    0.37881030319121956,
    0.02836857760605116,
    0.7906381955199788,
    0.857345955265878,
    0.32166084777468207,
    0.5004724235353118,
    0.7354189217813332,
    0.10057381817803879,
    0.7814285465389412,
    0.3468248833177824,
    0.2530087963327984,
    0.8950930580891578,
    0.786104919839619,
    0.1594780394391474,
    0.18672887157960605,
    0.08167716909208034,
    0.21773214937037877,
    0.4917955097482767,
    0.22452170578909292,
    0.671241092082879,
    0.21498044070469635,
    0.44515616234654953,
    0.5895517343767438,
    0.3765916746133269,
    0.37196211666055323,
    0.4959798331603119,
    0.7888541440266166,
    0.9787851961202465,
    0.7615173418707141,
    0.06993112802554868,
    0.45213866102513967,
    0.9431568831043564,
    0.814918390356539,
    0.5910201621502535,
    0.8902105348373973,
    0.5383787043211951
  ]
}