{
  "iteration": 99,
  "timestamp": "2025-10-05T00:30:39.813049",
  "pid": 43830,
  "random_data": [
    0.6698525417980246,
    0.7712462488432001,
    0.05838542344368847,
    0.13061204956975148,
    0.33925968669176376,
    0.06671252656918503,
    0.8303493613147853,
    0.7323289592537328,
    0.9792181667591834,
    0.9855591578130101,
    0.5160665790148347,
    0.8940701105267959,
    0.767185373428018,
    0.31785115332399994,
    0.5859581682631932,
    0.18939111390349106,
    0.6605174724105238,
    0.11477654767104595,
    0.2506066005759525,
    0.03893002386237454,
    0.204739929535678,
    0.42783592958619954,
    0.5925258550493083,
    0.46996579781809733,
    0.4340292791581323,
    0.6516561483181923,
    0.3466217149186608,
    0.05053097680951879,
    0.4299565874938083,
    0.9926045038690343,
    0.129012665571136,
    0.5208730158822155,
    0.3599399955913296,
    0.8935490121190749,
    0.2812776053003254,
    0.42709479209285994,
    0.21815776793157715,
    0.5269409411141182,
    0.3671742523485074,
    0.1713337318484881,
    0.4088586084924425,
    0.63505413475609,
    0.5231213386498343,
    0.4697752643875004,
    0.05683897250208192,
    0.25712320720456283,
    0.7434631667428494,
    0.18637992785247415,
    0.05859921292482706,
    0.46882656567423164,
    0.3635208909234946,
    0.08763150311119872,
    0.18619247794745708,
    0.15252914275222273,
    0.04092974673326277,
    0.8212641795171844,
    0.8020002215089381,
    0.8371711906334453,
    0.30371308126651253,
    0.34317481270434935,
    0.9855994497936278,
    0.4248119695721351,
    0.635653792379672,
    0.5562810770896872,
    0.3599064942249468,
    0.37227795159233734,
    0.2903405147132344,
    0.9604967303561313,
    0.7093603499190299,
    0.4882780796562757,
    0.10024673529252581,
    0.9420197800329774,
    0.2996862281009859,
    0.9052855132163458,
    0.5629884673489606,
    0.09398017452614638,
    0.7289292624999495,
    0.4645054428705532,
    0.2948237261777913,
    0.8322027109895896,
    0.5018537281035073,
    0.493212289233089,
    0.5117501302315608,
    0.8960565832873925,
    0.8971642580317775,
    0.7078120267288059,
    0.36456411549600265,
    0.9946308523311101,
    0.916813238848816,
    0.6523065984455373,
    0.4850500501874775,
    0.628805815012664,
    0.9680881358760742,
    0.41655223560961374,
    0.908906595815156,
    0.2134895840456178,
    0.6757784768575319,
    0.4005239525968759,
    0.6623150458454415,
    0.27226962147955813
  ]
}