{
  "iteration": 70,
  "timestamp": "2025-10-05T00:29:39.456290",
  "pid": 43830,
  "random_data": [
    0.8055596876089017,
    0.8655727139704806,
    0.3219387085419151,
    0.1281846757112839,
    0.239420324918736,
    0.8527750661273051,
    0.6719209148653542,
    0.6042434751735184,
    0.013507264063092217,
    0.4814474951008365,
    0.13476213310239238,
    0.8742148570291388,
    0.9412247178058163,
    0.1250169496404906,
    0.5557838490184738,
    0.41737702473770666,
    0.9580801862613639,
    0.7780744538147836,
    0.15732851549063198,
    0.9137646148210187,
    0.8929922316611218,
    0.09797027679905734,
    0.24908605698900488,
    0.6889332042996159,
    0.2748698883934789,
    0.411686132127832,
    0.1004533391321466,
    0.8873627833979403,
    0.8281544610624316,
    0.8779885000128067,
    0.7456324505695276,
    0.05254659711176213,
    0.36134997921280454,
    0.006005658349662046,
    0.08875774073195808,
    0.26757235042598615,
    0.5058222823175678,
    0.48204862355303235,
    0.6921500188047425,
    0.8028583671492245,
    0.7382237342367421,
    0.27476984639545354,
    0.8364669211135441,
    0.2867324150410715,
    0.7726309516296666,
    0.2562761291136121,
    0.3080109837471079,
    0.19610523808332525,
    0.685530325418718,
    0.6507231351014138,
    0.3369058588573832,
    0.9880258757067285,
    0.854279467512007,
    0.8776313709335661,
    0.07177808406361041,
    0.9181254811009196,
    0.2697777252155401,
    0.8372141938694335,
    0.3725835937883065,
    0.03791574474820858,
    0.7177104910156469,
    0.10565226455345222,
    0.02673951689467191,
    0.04772916959197626,
    0.8364623375236894,
    0.7685449798608699,
    0.5346745665487204,
    0.8900212953189002,
    0.899322207116531,
    0.28941249364662924,
    0.38787475868402366,
    0.7985883295280115,
    0.7119614488030035,
    0.25463492769311213,
    0.13888899430451251,
    0.4989488048702002,
    0.9480728580058525,
    0.894950711760514,
    0.31013019403704367,
    0.3831718224635551,
    0.20481489144296994,
    0.8114293454063893,
    0.05111053790468989,
    0.0871036980035731,
    0.30373876645765896,
    0.3429416930064564,
    0.09930434940760235,
    0.45272757575522293,
    0.5299705179038227,
    0.23381697662840017,
    0.8660886442114214,
    0.6252626789853679,
    0.20978018539583865,
    0.4187158312583834,
    0.7019581749643748,
    0.24879743147132038,
    0.3120167719207293,
    0.7151693138102464,
    0.13334855939054502,
    0.9881970681363003
  ]
}