{
  "iteration": 79,
  "timestamp": "2025-10-05T00:29:59.284097",
  "pid": 43830,
  "random_data": [
    0.8811540272468866,
    0.8945559598917278,
    0.02836944558822585,
    0.019785313308661623,
    0.8245324136717096,
    0.49237964413369684,
    0.5151941247739417,
    0.6496698268063793,
    0.45585132892283187,
    0.038183845206588685,
    0.8014882829703927,
    0.9225316087931065,
    0.27923015021331654,
    0.8155942904759389,
    0.33320220815755186,
    0.4514453342928848,
    0.907819612130459,
    0.7863461761726316,
    0.7834242817183762,
    0.03952367421774927,
    0.6835561783314008,
    0.10235664837967906,
    0.752733102630784,
    0.8232308859035192,
    0.8459827728493592,
    0.2774187090395268,
    0.9655666028636817,
    0.033163543858733324,
    0.03540368394448301,
    0.05678186349857739,
    0.5791220868904688,
    0.8555841902362064,
    0.23227479409422935,
    0.9232300018601004,
    0.3273945654594903,
    0.43599543470880253,
    0.5127262561659065,
    0.1399693645355965,
    0.5255907074306375,
    0.07031302012509233,
    0.5531987568146163,
    0.17143521361869207,
    0.9057211767292017,
    0.08245636376674359,
    0.3265873695849939,
    0.7548008109497648,
    0.8587558488452794,
    0.377804453451293,
    0.8429391974004963,
    0.5839854482814884,
    0.3465782010340631,
    0.8737804076790759,
    0.4258836545418594,
    0.746472774722398,
    0.8054737554046266,
    0.45253210552307555,
    0.18109374364804154,
    0.16305282363554574,
    0.2803555954083532,
    0.2402868552883327,
    0.6130373233560089,
    0.09352114964843716,
    0.5760464405785539,
    0.525307266009683,
    0.3673523031365853,
    0.19614187846197195,
    0.7469411742322569,
    0.7624636640497041,
    0.41923552271330244,
    0.49004038250090165,
    0.3862392948524398,
    0.21453309765920903,
    0.3471573559610085,
    0.19950820115624757,
    0.5808672221705535,
    0.33353048738914925,
    0.5607570721461981,
    0.9328855467491148,
    0.5864100411291585,
    0.17073089042980327,
    0.2356575639198516,
    0.149848209158285,
    0.6063143106968922,
    0.5037388648214703,
    0.5575929020170249,
    0.9415861838566826,
    0.2560660212457493,
    0.8100416659855575,
    0.3974495441853445,
    0.38719910869162333,
    0.9583004714551342,
    0.7842412129829983,
    0.24650786242734357,
    0.9303394001641597,
    0.7451203877667127,
    0.18746542555435697,
    0.4970701136750565,
    0.45535248200452705,
    0.7949262062969551,
    0.29528968189100824
  ]
}