{
  "iteration": 176,
  "timestamp": "2025-10-05T00:33:21.375407",
  "pid": 43830,
  "random_data": [
    0.4974833389982022,
    0.42568024778683444,
    0.8524348479838318,
    0.569066917935801,
    0.576052086228708,
    0.7513322484142837,
    0.6131591304292054,
    0.5931247602154527,
    0.9120047473677263,
    0.02115443266712791,
    0.8060907990806542,
    0.23506596853784267,
    0.985690845985858,
    0.8584105965594911,
    0.32244092744394603,
    0.7286042461136364,
    0.27841445813805266,
    0.37423069483807236,
    0.21731195467479436,
    0.8245910213902506,
    0.5749336441906105,
    0.8326216057930511,
    0.2308610831136586,
    0.27411332194163895,
    0.8900842095459184,
    0.6737180697625055,
    0.9164531248874583,
    0.11371809516550069,
    0.29005301766890956,
    0.8935109934911895,
    0.712803947072603,
    0.5990420480428124,
    0.7695185020277344,
    0.4033120721059662,
    0.4433415468390913,
    0.08521084955917746,
    0.16429477639197887,
    0.9292629534286732,
    0.8273725679781143,
    0.01837830969940868,
    0.09786549526999566,
    0.9103721288847321,
    0.7570085722052867,
    0.5294205936577008,
    0.8538015790135123,
    0.02291117998523562,
    0.6962071771283984,
    0.3945625887389189,
    0.8270689062848422,
    0.8704002107047931,
    0.2047005362668004,
    0.3679727467834625,
    0.5876696446858675,
    0.15209600165358161,
    0.09476111824339584,
    0.21502533598781737,
    0.6127775927267297,
    0.6320212442264199,
    0.07758247313453781,
    0.6027779275864992,
    0.02577673523900459,
    0.08895429611232486,
    0.5318242521069432,
    0.8458806440973227,
    0.23894132150945613,
    0.9148758134623013,
    0.17012765846199573,
    0.5643662366001613,
    0.21797418326786788,
    0.2987962431862611,
    0.12743360351778565,
    0.5945218801549649,
    0.3634167743867047,
    0.7555285071411191,
    0.8715103935127427,
    0.4988141360930237,
    0.899325625721349,
    0.539247797606818,
    0.2578799476667424,
    0.5404478716832918,
    0.20314874994037113,
    0.022798065034086434,
    0.9307264018779461,
    0.09931648940988991,
    0.7450973241352011,
    0.3032157194425751,
    0.8037837975613412,
    0.057772499478449535,
    0.8850840351672579,
    0.6563354422688564,
    0.5579547781478633,
    0.8036474483087603,
    0.7153350834368772,
    0.17070751182621668,
    0.7535918205190122,
    0.4733073945265869,
    0.8581286076837583,
    0.7758910671134905,
    0.12769632526362584,
    0.5502674151338113
  ]
}