{
  "iteration": 186,
  "timestamp": "2025-10-05T00:33:41.253711",
  "pid": 43830,
  "random_data": [
    0.0579760967351719,
    0.29942557596063,
    0.8287747421702071,
    0.3561401382845747,
    0.11470955954952633,
    0.7844351025196218,
    0.019811319346133227,
    0.9970591650469615,
    0.23803520881940676,
    0.963469260929264,
    0.602525576481337,
    0.5264306340643922,
    0.161185996623898,
    0.5212523933594342,
    0.2247367326838159,
    0.08425370923186526,
    0.8502221813095863,
    0.3590992922059343,
    0.6338286793082606,
    0.1665644998532252,
    0.37701834750099583,
    0.2086751987547295,
    0.6089970380770126,
    0.863219376890995,
    0.17155147210936428,
    0.6432822166543011,
    0.3790303844708963,
    0.10515223223763748,
    0.7884684561322992,
    0.26174564611987394,
    0.6694134457801449,
    0.09001155427655738,
    0.3422484729128663,
    0.7746513438396878,
    0.895826830456643,
    0.435569020232472,
    0.4436410941096446,
    0.639030131488258,
    0.6114352801884168,
    0.17877777684774376,
    0.9294205805350853,
    0.5088758796797984,
    0.9314859042719619,
    0.8996380417976445,
    0.6488534480231155,
    0.5827133673973629,
    0.9110243979598076,
    0.6155875206245573,
    0.306779465759906,
    0.5380109412042511,
    0.05668856816382062,
    0.012406635671298072,
    0.2704391764691242,
    0.9254077585615281,
    0.7300775146151691,
    0.6374492616101828,
    0.9271398793948765,
    0.9211528222434499,
    0.9652412141782685,
    0.03732937745452081,
    0.17601269363020977,
    0.45085680605027545,
    0.8278876858124026,
    0.1465908093933388,
    0.9774155643410076,
    0.06925401404380205,
    0.029559875509869493,
    0.814600846483577,
    0.4134910535292857,
    0.1325860910697314,
    0.4539860493519349,
    0.6376892120100269,
    0.25383080932949686,
    0.5741798217480721,
    0.17402442832478726,
    0.9716662880472032,
    0.6447040145659315,
    0.9232149830954827,
    0.8086670581716737,
    0.7575067042289911,
    0.5407604471381655,
    0.06900335481562214,
    0.32673590405886266,
    0.2557753640115431,
    0.6687543034791523,
    0.11102840520422885,
    0.27528521342431733,
    0.32664678835983985,
    0.26401544066149485,
    0.8466003206248826,
    0.8404198083669345,
    0.8628720498619364,
    0.3602091190522877,
    0.5014789362053406,
    0.49958979009233895,
    0.7368027836198862,
    0.15559308896335766,
    0.157492611651587,
    0.5135802669992543,
    0.36973246447886565
  ]
}