{
  "iteration": 105,
  "timestamp": "2025-10-05T00:30:52.666896",
  "pid": 43830,
  "random_data": [
    0.15773601567023898,
    0.4938369247363976,
    0.1687259144039721,
    0.48205119659313245,
    0.7354451004026394,
    0.38557724875968213,
    0.9234968741842358,
    0.7584535359286599,
    0.07395857333783185,
    0.6675317429493282,
    0.19120408012646628,
    0.9775269585377809,
    0.5892794645340099,
    0.6407355674649335,
    0.7640816678158503,
    0.6525408787251809,
    0.30055652521400056,
    0.028627953781598325,
    0.7684073275604487,
    0.855745852626563,
    0.7422510873220195,
    0.3911826444893455,
    0.19500577032192923,
    0.20127371316053555,
    0.6807427781127389,
    0.8348861832190698,
    0.3210692375738686,
    0.16786180123517036,
    0.2333303546788028,
    0.8887534368864107,
    0.1613685689605181,
    0.7985824814710415,
    0.07994171976728237,
    0.10579110993643748,
    0.160607398657015,
    0.8517672181067777,
    0.513515738263727,
    0.6949313920984027,
    0.6500741263141406,
    0.42210811898864975,
    0.0265684840194349,
    0.4953531653875737,
    0.20366668737308713,
    0.6997974186469249,
    0.8847863489988841,
    0.6217375042471828,
    0.17807393465805776,
    0.11348109281477814,
    0.44409320943605635,
    0.7349563774645449,
    0.1828826769028875,
    0.7444945516568919,
    0.5142474118579317,
    0.787025668849942,
    0.07704475328756477,
    0.31145855005988987,
    0.49940726079783715,
    0.7241438828303827,
    0.43468523517518054,
    0.8926354677129017,
    0.3010630187411901,
    0.23574412986264404,
    0.21771310775440855,
    0.7084985320699116,
    0.8366481289459291,
    0.4357779168988827,
    0.04345149356896405,
    0.2655778995765703,
    0.03746797662088197,
    0.19562735185690772,
    0.11057259885282278,
    0.26583655791953864,
    0.708306848926654,
    0.42425298433210223,
    0.13458924269468497,
    0.35575105262509066,
    0.4606144968554067,
    0.7784021015290007,
    0.8527721516025589,
    0.5739857250736314,
    0.7228627990845824,
    0.9190414440837475,
    0.11881190738059078,
    0.7293677265824191,
    0.515820575204701,
    0.6448601114834226,
    0.17654364057909255,
    0.13921899060221887,
    0.8218771629722088,
    0.39628842016517474,
    0.08452080647197979,
    0.5577553481297324,
    0.44078106373997394,
    0.9764844064102446,
    0.1195837355572884,
    0.3836241601643281,
    0.46605578216235866,
    0.4310409061299699,
    0.37883258486395,
    0.6471503946125461
  ]
}