{
  "iteration": 156,
  "timestamp": "2025-10-05T00:32:42.253755",
  "pid": 43830,
  "random_data": [
    0.14464065720659236,
    0.5259786070247927,
    0.3566874120825245,
    0.009955700133259748,
    0.25466096129301163,
    0.7189027990996529,
    0.4119623525882484,
    0.8382379210378954,
    0.8077951390659031,
    0.16593621930281732,
    0.38657118561585135,
    0.19381429190098542,
    0.4664577497040412,
    0.7248728893925883,
    0.5171017359614909,
    0.6089628904945458,
    0.10537204584458626,
    0.7408958403556385,
    0.3486338526185573,
    0.4511217106736344,
    0.4853281692640342,
    0.6948967821990332,
    0.1832752315392382,
    0.27878504593542786,
    0.4034461247487593,
    0.5723965705512607,
    0.10211940712128942,
    0.6311669808759981,
    0.015176058403761239,
    0.4428006838344629,
    0.5754787666449968,
    0.001462604068017348,
    0.25147016666823396,
    0.580980157723838,
    0.22183862618198635,
    0.9159003598938004,
    0.8715012647637022,
    0.1740765236141517,
    0.32427072477214813,
    0.6483182643045182,
    0.24056175055713425,
    0.9822714254635263,
    0.6481016280306506,
    0.32160877511559205,
    0.4797337104359173,
    0.25397838820840946,
    0.028431191366809938,
    0.34524495004967914,
    0.9202294695086166,
    0.9310265623466005,
    0.695149091239005,
    0.7458118614684789,
    0.37112435374872055,
    0.8478208190507367,
    0.29605886090915834,
    0.8929821681529444,
    0.5494425961766957,
    0.6787487424838944,
    0.5687089280825739,
    0.019843627177863365,
    0.2347119236412104,
    0.8103963223204138,
    0.3396270864212221,
    0.04197203884362999,
    0.18391259619185651,
    0.3030392328322269,
    0.7088211910527642,
    0.22548392600455702,
    0.9345774163392513,
    0.5497229320988297,
    0.8344102985153646,
    0.25485640176480184,
    0.6530071294494979,
    0.2608434005470259,
    0.3430433327603928,
    0.17242997559937323,
    0.8847023636392026,
    0.23209629611098148,
    0.32965946146707215,
    0.6342143119067403,
    0.5812507024488882,
    0.13715056916833868,
    0.457554270101453,
    0.936959981544316,
    0.7820233988615438,
    0.8865658905348851,
    0.5662213875216027,
    0.9591609762481123,
    0.7799378793549072,
    0.7492140219311222,
    0.7532139874981162,
    0.3847667842323508,
    0.1860418551416687,
    0.45984048744758343,
    0.7737928103525922,
    0.35106401180356583,
    0.7947853344767308,
    0.29670132103901126,
    0.35789780922470926,
    0.8320571661057686
  ]
}