{
  "iteration": 108,
  "timestamp": "2025-10-05T00:30:57.263087",
  "pid": 43830,
  "random_data": [
    0.7336822593081962,
    0.3086583533387218,
    0.4778193182894842,
    0.11068397167365518,
    0.014142801886380063,
    0.6643166742024136,
    0.31259810386951503,
    0.7722689728731321,
    0.07592263960433687,
    0.27514467390028474,
    0.7104906243722129,
    0.019789200621275094,
    0.4400789276015328,
    0.33581719439794133,
    0.7610242698341655,
    0.5266008679464553,
    0.6738035792521542,
    0.4343443652743286,
    0.05607921295295115,
    0.16905143425737668,
    0.8716359774458956,
    0.36181526046871026,
    0.03460319334950879,
    0.506103682465787,
    0.7991310818815616,
    0.10244621499474904,
    0.9372650273895732,
    0.8706237489349998,
    0.8913305695845642,
    0.7912091928931282,
    0.6485628479042361,
    0.5142552036722319,
    0.24482774955422126,
    0.1021515331624534,
    0.6445477073483586,
    0.41515487088811265,
    0.17430766416497856,
    0.6589619493536408,
    0.7806970958378087,
    0.9248637310749732,
    0.7737773042321516,
    0.12880377527927422,
    0.3523064874850449,
    0.2255936275939152,
    0.21129496861088615,
    0.27781738302180314,
    0.17179510433239809,
    0.6517937557706599,
    0.2669936932798569,
    0.6662360977465575,
    0.09328975172214171,
    0.6412002301986919,
    0.8617419215926183,
    0.378677815778252,
    0.09148531117243486,
    0.22997783059318344,
    0.5485721367413314,
    0.45647579190794885,
    0.07934888749153579,
    0.5875668328378821,
    0.5170299894388622,
    0.789536639478637,
    0.42323835160559153,
    0.35748819941000154,
    0.8539435977769305,
    0.8692242870647894,
    0.5291016616708972,
    0.30473566884371417,
    0.38298101476967117,
    0.3551345896584255,
    0.847326155081617,
    0.804750685751377,
    0.031093472319856708,
    0.5748201561168851,
    0.7082740595601512,
    0.7564384394726589,
    0.34993213282269864,
    0.9267444786929498,
    0.39307329883968267,
    0.22561944875460038,
    0.15120333842886813,
    0.0597425165228177,
    0.032387726251758564,
    0.8789097531687297,
    0.3828383750728893,
    0.6909645413700755,
    0.685927032805559,
    0.208994638959353,
    0.27128195406276423,
    0.10766960569716588,
    0.5788129685477823,
    0.9632548854036662,
    0.46926982899029956,
    0.009018376305012454,
    0.43785601752011405,
    0.6189092240934201,
    0.7165695069392888,
    0.45017243265153895,
    0.8308409027288088,
    0.059931274333922535
  ]
}