{
  "iteration": 117,
  "timestamp": "2025-10-05T00:31:16.584442",
  "pid": 43830,
  "random_data": [
    0.7336553151002535,
    0.28568523428751236,
    0.5795701331329487,
    0.26949613589004573,
    0.5557108941205197,
    0.04484135882729767,
    0.6131943053898448,
    0.7324538942709046,
    0.6042935274655191,
    0.5170094289176073,
    0.9289979810604996,
    0.5121188531826567,
    0.0228059196636331,
    0.777269738952181,
    0.825835198351558,
    0.22704525410127052,
    0.763689480775556,
    0.04481498989210997,
    0.6204391628471188,
    0.334018911195088,
    0.6848307915687795,
    0.6695637296996371,
    0.9048250958677121,
    0.08496865977824641,
    0.9146315475321647,
    0.030319599579919587,
    0.32744046720758235,
    0.7512660384139471,
    0.41084587911541603,
    0.739319232045207,
    0.9748522159660606,
    0.24044728782753455,
    0.2711134546136721,
    0.4871120142575126,
    0.020479581262603297,
    0.22131627629631567,
    0.17831027402380106,
    0.11836930024247427,
    0.22486014644520957,
    0.02593181869416905,
    0.8195734345659694,
    0.8758461783354426,
    0.8872667430586931,
    0.15092676297640828,
    0.6102977766554273,
    0.32085459418774276,
    0.46292930142512445,
    0.4530738125274716,
    0.7118025025888797,
    0.40498721254590575,
    0.6516877834403836,
    0.22706968535697425,
    0.30713157689063575,
    0.4880523997456354,
    0.042818751618642126,
    0.6343358363431557,
    0.46797230558574854,
    0.15336858202199555,
    0.704766952355183,
    0.14015540342282173,
    0.05345891254681956,
    0.789184451721078,
    0.5642301998141176,
    0.0831344264801408,
    0.3288744447385433,
    0.06073088295309603,
    0.18494973611020304,
    0.5429300441346795,
    0.07749738321966249,
    0.20160724114646378,
    0.9346155452286314,
    0.5499473404629499,
    0.8667869339674625,
    0.28480835853714204,
    0.29996352380468083,
    0.9426272432590067,
    0.5435350149240626,
    0.7365675439228392,
    0.286332620651489,
    0.2344517905263952,
    0.8697072660022672,
    0.5495772105910735,
    0.8956032418520347,
    0.4163084734510041,
    0.13864056951882653,
    0.5406243337120168,
    0.257092610934864,
    0.1137451525693558,
    0.15486825827606487,
    0.012571858476776665,
    0.8510847071987274,
    0.34540972999104647,
    0.41211114610679267,
    0.7021750428869152,
    0.546136989436953,
    0.8272617033279531,
    0.8401964576909038,
    0.16089159367344175,
    0.11104336885741795,
    0.8860105698021782
  ]
}