{
  "iteration": 182,
  "timestamp": "2025-10-05T00:33:31.939307",
  "pid": 43830,
  "random_data": [
    0.25128241059154977,
    0.5316499087229664,
    0.8998773851927454,
    0.1870011275648943,
    0.7388186637260283,
    0.7930736070382086,
    0.6319077165753164,
    0.7024754593927266,
    0.30044598655767174,
    0.9381344810565293,
    0.6343824184700287,
    0.7981222613710536,
    0.04399249070911626,
    0.8974013319680595,
    0.5749488367588933,
    0.25448743497037873,
    0.029788709657260992,
    0.9664784428031874,
    0.29914047156926526,
    0.026533849514679075,
    0.275081205475338,
    0.7387826423438757,
    0.9998216672866438,
    0.6677325714477238,
    0.27976259417203664,
    0.05983842137574602,
    0.23980183188075133,
    0.5291444715036617,
    0.9969611449604027,
    0.6192657227214325,
    0.344495710760503,
    0.029101912651350426,
    0.23399066008602254,
    0.546210716892861,
    0.7778723936227339,
    0.0301497391788349,
    0.7993980462640511,
    0.5946348006897099,
    0.7183993441675973,
    0.8455071562467681,
    0.3409982774051402,
    0.5152469371986967,
    0.5239845298906914,
    0.699844818982199,
    0.02982042344170166,
    0.2649384382048231,
    0.8038272650937587,
    0.30024661155219723,
    0.41765935264857457,
    0.22002515871464945,
    0.4043308158823147,
    0.7039100352060184,
    0.4516032061536225,
    0.09467458908348514,
    0.413332499758135,
    0.4766142854762835,
    0.18969368957170596,
    0.8275344849505761,
    0.25276623608063575,
    0.6752694812524314,
    0.9964207900714048,
    0.5155635201145861,
    0.4686232996448185,
    0.810700432693625,
    0.5472970738666901,
    0.8844623146913225,
    0.09931466520931609,
    0.059756508760940075,
    0.3127218033772067,
    0.208164181353797,
    0.7917450443174254,
    0.4424355207426267,
    0.7763059197235962,
    0.8054301552060774,
    0.265497145968953,
    0.4970150247774492,
    0.5952433748165067,
    0.26489970993464906,
    0.24667254413140516,
    0.9960801472402604,
    0.28033905990023444,
    0.7789564972869669,
    0.9489276330649843,
    0.33799416639396374,
    0.10771936017417039,
    0.7303906143870871,
    0.9027209117897297,
    0.07271568353405922,
    0.8295891270291093,
    0.1655496880234002,
    0.7921262655195547,
    0.0196556866341554,
    0.982479991857053,
    0.045555616121647824,
    0.8692128141694966,
    0.1826735583474579,
    0.5711034254226806,
    0.18577308520417246,
    0.08939363003558509,
    0.9232632606563603
  ]
}