{
  "iteration": 153,
  "timestamp": "2025-10-05T00:32:35.842311",
  "pid": 43830,
  "random_data": [
    0.1753136348590686,
    0.6710655171075547,
    0.19941107986749163,
    0.5248688330049376,
    0.22970683205910458,
    0.9456687391752203,
    0.035852120101055984,
    0.07695898809370283,
    0.981970221830086,
    0.012239148374466713,
    0.6466236056074605,
    0.3208695737932147,
    0.6429227305938122,
    0.716793945982185,
    0.4723373536429104,
    0.7882695983984261,
    0.01986672726697536,
    0.20147736468347377,
    0.012192367506947965,
    0.45506417559030754,
    0.8363263080018635,
    0.30630246040426734,
    0.6571157613738984,
    0.24225460357705808,
    0.56867372439751,
    0.38860759641865716,
    0.5899991465665936,
    0.8015903730686282,
    0.6853609587186652,
    0.17881257598174694,
    0.21680224025564288,
    0.29260606300150216,
    0.45286990591385123,
    0.3817777123772206,
    0.8267588023993498,
    0.7822706179700453,
    0.24498599145363487,
    0.6652765896251086,
    0.7567518516154725,
    0.9819392345518784,
    0.825005090913897,
    0.8488452431155393,
    0.3942485192968216,
    0.5575843338089432,
    0.3248367796053261,
    0.3416644509430051,
    0.5570717069016277,
    0.3272518004057964,
    0.7987705299251268,
    0.44467347183199224,
    0.24282275187740654,
    0.588728750987096,
    0.6710788210827713,
    0.08950288952708674,
    0.9875018707966067,
    0.7914217730327052,
    0.04527080903107039,
    0.23214916933968566,
    0.47655743829083586,
    0.7282249626433134,
    0.5753603280911342,
    0.6977118446473944,
    0.14152139410325104,
    0.7024343367789319,
    0.9059949084408849,
    0.28434007562344,
    0.7015864037370165,
    0.5972868103903789,
    0.29621022391525276,
    0.7043170146223368,
    0.48043581965739357,
    0.8746877806867296,
    0.19678873351476467,
    0.3092705881433493,
    0.1641431030695759,
    0.6207496694905561,
    0.3412910234802017,
    0.06553212668726427,
    0.3780414583832262,
    0.2048920292694133,
    0.4316874523482772,
    0.9004706736478628,
    0.1900427091105028,
    0.704211440139411,
    0.4575006039079724,
    0.4330028954275541,
    0.13096980876022235,
    0.035014341298072904,
    0.3893810708839247,
    0.907531640563389,
    0.5400634661943582,
    0.29051844857733855,
    0.801622809707019,
    0.6337758314268811,
    0.18242242068144154,
    0.5285502231894046,
    0.9935949835989818,
    0.008752780826115192,
    0.13691404238174087,
    0.2512999498658056
  ]
}