{
  "iteration": 207,
  "timestamp": "2025-10-05T00:34:20.670335",
  "pid": 43830,
  "random_data": [
    0.2563589560415581,
    0.2948751105129178,
    0.9409011553107939,
    0.1876611776880479,
    0.08632352157274059,
    0.2561478104536207,
    0.0880270774829256,
    0.45010697030368774,
    0.1265854276388284,
    0.8081221047586793,
    0.6921957152799655,
    0.6756358194651679,
    0.3706464226847044,
    0.06736014437749338,
    0.393950642702231,
    0.6974598433870661,
    0.730878312282458,
    0.5634202558910767,
    0.3862005198335431,
    0.07708825725933954,
    0.42186731392167354,
    0.4600968674607683,
    0.0871432936771187,
    0.2140703807273956,
    0.20384714424416372,
    0.45113022897895194,
    0.8915046678394261,
    0.32974385396053496,
    0.1153294249802167,
    0.42485200303276227,
    0.6328030718230835,
    0.18028405327396224,
    0.3503188233839709,
    0.6942971178139583,
    0.6711066566606031,
    0.5499532572019091,
    0.7492171765778786,
    0.4594936089745989,
    0.9586576297951457,
    0.12872452454470773,
    0.39692196809884017,
    0.6303964579565106,
    0.661032141658981,
    0.8652312513761989,
    0.04808242584071232,
    0.937009029750903,
    0.35511862903838665,
    0.8612356921721679,
    0.48596903903824185,
    0.21048305622921093,
    0.3688326483398965,
    0.11436358966036819,
    0.7394398945546117,
    0.2912267811400284,
    0.7353705803213703,
    0.14816387766501282,
    0.461827237985564,
    0.26120112964554076,
    0.19185797383023706,
    0.8116001266175169,
    0.2660077963106149,
    0.4683684207041636,
    0.49302406873514515,
    0.10604263762291788,
    0.04144393961867254,
    0.13291569598188435,
    0.8807955108523995,
    0.26512747292910643,
    0.34848963428583035,
    0.2925464092565705,
    0.23433115595112353,
    0.4627698774956406,
    0.4039797428762366,
    0.5293119385731176,
    0.11660733823539449,
    0.4331508156746421,
    0.962575554709606,
    0.5436057479291733,
    0.1992348892785123,
    0.5421836840626033,
    0.9132462354000573,
    0.21568247234074034,
    0.1494629537336567,
    0.1959277240792403,
    0.9575138939417164,
    0.25080328909335414,
    0.9928428384867163,
    0.4376617536623525,
    0.22818816334112368,
    0.985034812070008,
    0.3724745496631948,
    0.9283383275328148,
    0.5725381745021404,
    0.5997989768623951,
    0.8124820183784709,
    0.9538012655827658,
    0.9610007015227571,
    0.5812248827626391,
    0.31312073782158034,
    0.8117491131001946
  ]
}