{
  "iteration": 85,
  "timestamp": "2025-10-05T00:30:10.207999",
  "pid": 43830,
  "random_data": [
    0.3966585097045642,
    0.42063616939023163,
    0.3506777742910566,
    0.10779715820209779,
    0.8458719915916187,
    0.5128356255261649,
    0.20800164000885535,
    0.7459853000377542,
    0.5189796959413409,
    0.858346384728813,
    0.8769268696098516,
    0.017778724194376982,
    0.3737388922576431,
    0.19188204269274123,
    0.8298734068755081,
    0.6018521439853436,
    0.4411526427238035,
    0.578685362353314,
    0.1482277706221118,
    0.3966791945188375,
    0.09013304024668478,
    0.12618939726768352,
    0.8842429526582999,
    0.4552945774666789,
    0.6050286759185928,
    0.5277664107612877,
    0.7780994373267528,
    0.8123025887409592,
    0.6471702389714051,
    0.3707020537354705,
    0.9403694051293929,
    0.6155261806324647,
    0.9997845249478609,
    0.7168146583779473,
    0.6916346668521435,
    0.6402655037427644,
    0.6925548449923471,
    0.9373883196320035,
    0.27536177722043265,
    0.7805246012229017,
    0.5993601143962911,
    0.15878223120003354,
    0.37063035395774513,
    0.4217830573727721,
    0.6466858590031875,
    0.6628329895624437,
    0.27222582606094314,
    0.01897691671196422,
    0.13578079760401307,
    0.9169511780267108,
    0.02805231136446018,
    0.3577219018919672,
    0.3293035325752822,
    0.43844290666656516,
    0.32592084889084716,
    0.9643149774170949,
    0.6745457678524812,
    0.06752318531614321,
    0.01093790537761452,
    0.1537002016156641,
    0.5574370178528485,
    0.7648965472999947,
    0.2654564183291507,
    0.7874451912703809,
    0.08249722726859876,
    0.2352685885095014,
    0.07933872204701042,
    0.10025621862843692,
    0.4192213752032027,
    0.3722292126435687,
    0.23032813259151996,
    0.728062115828516,
    0.6969991252308086,
    0.9620409636112067,
    0.5881946863325522,
    0.718802153516901,
    0.8637464970486869,
    0.7480048946222132,
    0.7760116637976929,
    0.01117130786168874,
    0.6139680667180625,
    0.39278719334155354,
    0.5175358320899154,
    0.4933633131240116,
    0.17235766917999062,
    0.9572908988281925,
    0.8624682923595456,
    0.6134394822802723,
    0.5650142079425472,
    0.6246358811216417,
    0.4086788069295282,
    0.6380994585632503,
    0.06690530504524705,
    0.18163609933370817,
    0.9897645225620206,
    0.38049691597110014,
    0.5647223971911882,
    0.7286791491660041,
    0.8672881917805944,
    0.8332475343197148
  ]
}