{
  "iteration": 96,
  "timestamp": "2025-10-05T00:30:34.165162",
  "pid": 43830,
  "random_data": [
    0.19497698261161145,
    0.41071423799303897,
    0.9928346664324955,
    0.5382614841715877,
    0.6860812274439086,
    0.9202863608787485,
    0.9275501155261432,
    0.565000668540663,
    0.5868920526703475,
    0.3729513320271637,
    0.9170623325440012,
    0.7876360972641674,
    0.09318038438084453,
    0.39626893514793804,
    0.35503992298844467,
    0.3618222100464573,
    0.684112858676263,
    0.5687034317164894,
    0.11043284916658147,
    0.9886087398637003,
    0.6616058548407034,
    0.4374799962864384,
    0.3439903392351292,
    0.3542791682055044,
    0.0664629801297234,
    0.935475448037565,
    0.9790574972912135,
    0.43775283847001745,
    0.5073710750915389,
    0.5976405125015803,
    0.33304903653269335,
    0.9556388082154074,
    0.005304121319002375,
    0.8674416569718326,
    0.6032157903091254,
    0.1743040645890498,
    0.7757574444378242,
    0.575927645510981,
    0.33448262510339477,
    0.31536393375974536,
    0.3387825912287207,
    0.06847890962523084,
    0.2885669283721459,
    0.7164625171746386,
    0.5189871725674685,
    0.6868851483623984,
    0.5056143469214517,
    0.5801577014600243,
    0.511521511116138,
    0.8966051276112608,
    0.29126269684628914,
    0.23785953487504197,
    0.7489853149113497,
    0.8058216706574565,
    0.24852340406210827,
    0.0009181703603563518,
    0.051967421414925496,
    0.33482631743189073,
    0.24350465158604984,
    0.06972475947094647,
    0.8173633029926825,
    0.2299954629464056,
    0.9641312574808639,
    0.14844273667704566,
    0.9763134772444205,
    0.002616619836634082,
    0.36168630973464844,
    0.2858028822253027,
    0.2051033882866139,
    0.6089106689471547,
    0.8565121494637435,
    0.5884439332216844,
    0.3033872136990231,
    0.09920261338406522,
    0.679699968328888,
    0.9773320886038693,
    0.21242156192850103,
    0.8635788891868713,
    0.45811137918467204,
    0.6829369764066153,
    0.4278566417368196,
    0.5792034256391881,
    0.19684570147763236,
    0.730601012214194,
    0.9592606353493738,
    0.5026542272184509,
    0.021792012394749927,
    0.22321649374903663,
    0.7290699686468495,
    0.32377333687924625,
    0.7342130868553424,
    0.5744183366921148,
    0.25527818742073327,
    0.3288050065817567,
    0.9662042224220009,
    0.5526351684424589,
    0.2688661087681662,
    0.9444484338087485,
    0.14426599161399112,
    0.23682430734664817
  ]
}