{
  "iteration": 141,
  "timestamp": "2025-10-05T00:32:09.942415",
  "pid": 43830,
  "random_data": [
    0.6258733047626683,
    0.17794232213523753,
    0.3338324222357536,
    0.5757958675272328,
    0.7442501449241593,
    0.5353076367195834,
    0.46564142004244535,
    0.9182208945696998,
    0.042456412933883025,
    0.795735227629192,
    0.15894780914585083,
    0.1377280647766862,
    0.19718332690785456,
    0.7713399622946017,
    0.06573166118097451,
    0.2509616554745415,
    0.11033941970794736,
    0.5614278921503179,
    0.8596082811571786,
    0.07910969558429704,
    0.0378466945971061,
    0.7196125421125124,
    0.4995437322549766,
    0.5807621686235753,
    0.4690210658984306,
    0.5137821854769795,
    0.6516474736710053,
    0.507150289460691,
    0.39053131481465897,
    0.2832929570268129,
    0.8828226003477487,
    0.12513171314302096,
    0.18545228542972814,
    0.2268609488300336,
    0.01329799860073555,
    0.4242823222358425,
    0.6967804638485534,
    0.8209942061920369,
    0.983085450678598,
    0.8137937531652684,
    0.7413762952150356,
    0.33902775744326286,
    0.9008902005708971,
    0.7929555827269933,
    0.9034333950077488,
    0.030096272433441373,
    0.7365086559586943,
    0.9224514253630894,
    0.1366522554648978,
    0.620586893025238,
    0.9049773520549006,
    0.9952962044199759,
    0.07850076964793495,
    0.2986221117517499,
    0.22106722246023858,
    0.5956050321926825,
    0.2174539854029336,
    0.10619703265792935,
    0.6518456194673815,
    0.19723921591887594,
    0.661788840932856,
    0.9562904161838952,
    0.026206983772213532,
    0.7947654510240922,
    0.44130840949794925,
    0.7422311923626547,
    0.8541660922580965,
    0.7224095750821691,
    0.4963230901896857,
    0.005623032401604,
    0.3309341653680232,
    0.6667590278935673,
    0.28030161145782106,
    0.7801450278190177,
    0.4261836920709863,
    0.16144098553420905,
    0.32213227627697594,
    0.37286505454542496,
    0.9889663182496079,
    0.11458107785465499,
    0.32428742067014105,
    0.11047659949147781,
    0.41351456314122914,
    0.7276813999791196,
    0.947000655891551,
    0.7594097789603569,
    0.6873779457719864,
    0.9746996723019841,
    0.8787301529553345,
    0.3972648429384267,
    0.9614134044018466,
    0.9225012598058164,
    0.07454686904970409,
    0.1046459074406586,
    0.7440659375377003,
    0.29892465021940695,
    0.4693329221117456,
    0.7522310831253153,
    0.49727028732528245,
    0.8659477135554019
  ]
}