{
  "iteration": 73,
  "timestamp": "2025-10-05T00:29:45.205796",
  "pid": 43830,
  "random_data": [
    0.19692695828326157,
    0.5410997670873509,
    0.31381180840245215,
    0.968677901753702,
    0.7449711826706514,
    0.5914244967085647,
    0.5752853662084674,
    0.46149769710185906,
    0.6020281495259576,
    0.5336576605311997,
    0.48402986510720925,
    0.08815172460890242,
    0.3668933636288396,
    0.0758330795200699,
    0.7071710952699272,
    0.9588039548070322,
    0.7158172718776261,
    0.9863495955439041,
    0.7681660095595447,
    0.3664947145565801,
    0.30786804774752663,
    0.051117616912863206,
    0.43362059041324486,
    0.014221464083954305,
    0.23547518502834586,
    0.31214597967725466,
    0.45060435636525165,
    0.57008865185624,
    0.6890198533915305,
    0.4110460638408876,
    0.8413656013976442,
    0.601941341381575,
    0.45987292249520384,
    0.15377046624041513,
    0.8889115426233569,
    0.49997635268411156,
    0.5686911905159816,
    0.35673526166608194,
    0.5036165127104385,
    0.8355170785250288,
    0.10183305927723196,
    0.0032781506714760766,
    0.6730610851438656,
    0.6105190371341381,
    0.9728432106583068,
    0.3880439338782242,
    0.12098679587348904,
    0.49178871213560105,
    0.28310422095287935,
    0.5803667024034777,
    0.5122854408243757,
    0.32212468482218093,
    0.6974744328253049,
    0.48626522633644975,
    0.12863103984924573,
    0.8471129023686007,
    0.06495343547183585,
    0.4117125288897264,
    0.9711974904330731,
    0.6253688473747925,
    0.7737329120947631,
    0.37197929174614697,
    0.7963355982977715,
    0.41357212388465336,
    0.03061643671775216,
    0.1943939847689271,
    0.5461007533583396,
    0.8542746264243903,
    0.004635937393922096,
    0.7607148227607511,
    0.37051952929660714,
    0.7611502487128334,
    0.9237254594070036,
    0.45426401790508064,
    0.882734040438588,
    0.5860999716468592,
    0.09889469980421617,
    0.18896645909779441,
    0.2760070202095536,
    0.48915309497248594,
    0.831454890174202,
    0.0901153558157669,
    0.0390173781971197,
    0.2137630144105539,
    0.02261047870292765,
    0.25225372567485005,
    0.10809568243577128,
    0.3585254597843577,
    0.678273320532205,
    0.5207519670911459,
    0.6390597718748953,
    0.15734464048608687,
    0.6797849096954929,
    0.48420610147569076,
    0.6903912557623422,
    0.024786011021673993,
    0.0330158571255702,
    0.13835075082552695,
    0.44636892706883813,
    0.15564296738161498
  ]
}