{
  "iteration": 80,
  "timestamp": "2025-10-05T00:30:00.538777",
  "pid": 43830,
  "random_data": [
    0.28596644967022944,
    0.3954663592827298,
    0.5861751646983833,
    0.9728101770991274,
    0.1300492330067482,
    0.35785823023577046,
    0.7121970172138622,
    0.797854331167375,
    0.9786561540489725,
    0.8156506808222395,
    0.9154982413934488,
    0.4767992357968668,
    0.22841258353349225,
    0.022709887528622685,
    0.8777883032609962,
    0.8499691932773054,
    0.6954092995608244,
    0.795013268285959,
    0.4154800295865846,
    0.8346388998108065,
    0.7076675837435191,
    0.14800562697405872,
    0.47906929118078734,
    0.054211466713710355,
    0.5946842405764201,
    0.09207169769677226,
    0.4301064380555948,
    0.2620637104055048,
    0.9791762225415109,
    0.6037025348321144,
    0.28451852135977684,
    0.14228730973497994,
    0.9208830743514976,
    0.17951514097789,
    0.23507941799603826,
    0.8472150716011493,
    0.734123802873777,
    0.48876291518438164,
    0.09625414033995094,
    0.8317412338351464,
    0.3883224624604572,
    0.0783146938572209,
    0.23725588226805894,
    0.8657875762450881,
    0.6424730421908751,
    0.9749581821559765,
    0.6169649778003714,
    0.9355204442175896,
    0.6967866453569161,
    0.6077395236435978,
    0.004177400908720985,
    0.5943867657611462,
    0.5438735362929839,
    0.5373840804158843,
    0.978858113389115,
    0.3526358723251988,
    0.25550579279135976,
    0.11143247857103866,
    0.3384353393643361,
    0.3872393038376042,
    0.9075970338215752,
    0.15094045523373967,
    0.33999058401332516,
    0.8725367172390951,
    0.09516614161310188,
    0.5631678229117477,
    0.32925333692991876,
    0.8918052494455959,
    0.14135477423768672,
    0.7872259122600933,
    0.8934491950675939,
    0.24525548081994275,
    0.8792957108481354,
    0.9921176028677695,
    0.24597996593819338,
    0.06794611856170751,
    0.6415320644261211,
    0.6560807259821309,
    0.4217778337593022,
    0.9824465199526192,
    0.6367351867233513,
    0.31977933296064887,
    0.865224652313749,
    0.4172158801208593,
    0.6730919354263419,
    0.43114374160350455,
    0.16939089764362258,
    0.6529009912957262,
    0.3976463125872277,
    0.9816281139800449,
    0.2906055100768582,
    0.06657119808576728,
    0.6267548155930612,
    0.2953250931287563,
    0.1743116844205137,
    0.5566456429954832,
    0.37424422394167656,
    0.36898086745657155,
    0.40728788898389234,
    0.11023255034440704
  ]
}