{
  "iteration": 173,
  "timestamp": "2025-10-05T00:33:14.997486",
  "pid": 43830,
  "random_data": [
    0.781344832506472,
    0.15640398171830483,
    0.8615008578708746,
    0.4488942351047208,
    0.6919422302700654,
    0.9783725646966516,
    0.40947938564570363,
    0.34274518068543613,
    0.014217646274303442,
    0.9747181862438788,
    0.24555113299848297,
    0.4615276105363777,
    0.6867599926818058,
    0.5314479188574728,
    0.17643114765438184,
    0.4591734842318519,
    0.3819233337925606,
    0.5950048764642564,
    0.0783869047567155,
    0.6460362999408449,
    0.3618424374714998,
    0.62181969259071,
    0.1750629469359095,
    0.30896746419612464,
    0.7067252928332499,
    0.9267392875330621,
    0.9743372530092179,
    0.9362495100679713,
    0.3290961830549608,
    0.33900785503013076,
    0.22238495084720244,
    0.21140492963754276,
    0.7967081577214581,
    0.9901681353321774,
    0.8192749917781811,
    0.2863625932195044,
    0.7108780486650844,
    0.5687010729395514,
    0.739407884428903,
    0.23203625338492295,
    0.5077450283460769,
    0.769223484090242,
    0.3574456492301814,
    0.1913724820614402,
    0.5520108300641354,
    0.6149002853904064,
    0.945090987761252,
    0.26417221080373254,
    0.38760524163864807,
    0.9790258196580475,
    0.7454803429438984,
    0.016319512651983614,
    0.7392256980810638,
    0.4325763650696639,
    0.13333476055055316,
    0.530346917137316,
    0.1369041611867281,
    0.2276621168681331,
    0.907568847379806,
    0.6481933204939734,
    0.5008573406253763,
    0.33726789663492096,
    0.8022789415340548,
    0.5414213551825663,
    0.851032107802964,
    0.446530228711969,
    0.7405487474150201,
    0.7925383484654789,
    0.6903552951942951,
    0.9865509104177251,
    0.5677562348853628,
    0.6921158848193047,
    0.2978488875018104,
    0.8608991080279386,
    0.620795830050824,
    0.15191944612187347,
    0.6138939742732438,
    0.8952829224875793,
    0.09945001450548385,
    0.8752331937899888,
    0.6932887096693626,
    0.2712084782600611,
    0.48522519346805604,
    0.5835949572084439,
    0.8697979750179283,
    0.6458723804369573,
    0.7471466743462541,
    0.17831660251580328,
    0.8440009949772581,
    0.5559599233647069,
    0.8910275121889911,
    0.3725251463241156,
    0.1677998216396459,
    0.6980155574881177,
    0.2636440438316925,
    0.5194958650337549,
    0.5352989708339904,
    0.7085580571562043,
    0.684522327056358,
    0.18682443040225793
  ]
}