{
  "iteration": 149,
  "timestamp": "2025-10-05T00:32:27.665125",
  "pid": 43830,
  "random_data": [
    0.5010644360465776,
    0.07847833002398519,
    0.3629844401733183,
    0.07786293473957973,
    0.8828988688712345,
    0.8921196779172085,
    0.12885945246637098,
    0.27581810041882304,
    0.34291206723402257,
    0.9230636857563189,
    0.45840607572129555,
    0.8082929902965931,
    0.028543728365982846,
    0.21543178710683708,
    0.9006859052158745,
    0.9424120633425205,
    0.47771843517137447,
    0.985613485019839,
    0.22354571919048605,
    0.9349172199139875,
    0.15429862655110294,
    0.48322791597958226,
    0.9271211812568905,
    0.40612670308690946,
    0.6735977445538538,
    0.3763296981753146,
    0.9269022466921558,
    0.9370288979550422,
    0.3273431176744017,
    0.46700538236062916,
    0.6323096844372199,
    0.06077887736505483,
    0.19198220704374847,
    0.9580926634976206,
    0.49729434730950217,
    0.16930560128922,
    0.7630711662941633,
    0.46591976313727024,
    0.1547263788292218,
    0.8176328168580875,
    0.9301683173863163,
    0.3056958477581764,
    0.21251254431611655,
    0.483740834093763,
    0.550129095992588,
    0.8746306228504324,
    0.5800318972255023,
    0.47602306015639784,
    0.01022574420420741,
    0.6984320158091256,
    0.059273404175526956,
    0.9406528611268943,
    0.6516581501981226,
    0.15396737668165217,
    0.16223451916158071,
    0.9458665133574385,
    0.39087732211315007,
    0.8400499578150241,
    0.7415101265658063,
    0.231869425697371,
    0.24615267182090483,
    0.038942535327575634,
    0.7665571452661127,
    0.17663084580564703,
    0.2375696087483501,
    0.2911014129592906,
    0.5981173241002445,
    0.8069430995022626,
    0.30359614194891205,
    0.3245576686688707,
    0.28836375807785763,
    0.9676321852978228,
    0.09287490494607387,
    0.7767699039356359,
    0.5541407856916544,
    0.4716003499524227,
    0.7335802544822349,
    0.8725613969668234,
    0.5480697167185364,
    0.4334139171125492,
    0.9629613784954423,
    0.4020219283984142,
    0.226822603904676,
    0.22454734595065984,
    0.3950464859504733,
    0.5954063607128953,
    0.8780167756602479,
    0.4289224845519197,
    0.8996665362819953,
    0.4489803390855346,
    0.45059352008925113,
    0.9026994517159582,
    0.6927227884822736,
    0.7633275785283655,
    0.8606262249737169,
    0.835306408264919,
    0.8659945914275089,
    0.7098610876293894,
    0.8573415288445276,
    0.8591056874559981
  ]
}