{
  "iteration": 94,
  "timestamp": "2025-10-05T00:30:28.522089",
  "pid": 43830,
  "random_data": [
    0.9788246742638885,
    0.4473287281680619,
    0.9507469723964023,
    0.867124422462106,
    0.3612220974709559,
    0.2884856139349873,
    0.6766213282206153,
    0.5788466460522524,
    0.8605397180593952,
    0.7973151550104954,
    0.5211436407309944,
    0.062895914455387,
    0.6906136864419766,
    0.4791896572383084,
    0.5653038551253506,
    0.506735283609772,
    0.2350885400240278,
    0.1144480109004905,
    0.9777224728454061,
    0.6545373358743134,
    0.230042555628021,
    0.4463434450867907,
    0.3863731967634796,
    0.7390837808399258,
    0.5615979898586567,
    0.6513088392849987,
    0.2721097250952784,
    0.3560117860396317,
    0.8214128284597354,
    0.7114993403889843,
    0.13452633319479512,
    0.5605161373150983,
    0.6970900127670967,
    0.6792958176918155,
    0.6734393419246222,
    0.10286226926622022,
    0.02207895836533702,
    0.04168639910773109,
    0.05171949608468118,
    0.7231118352210003,
    0.7474762627160558,
    0.5095064541347489,
    0.9917417419404694,
    0.6067726230954249,
    0.7407078406319446,
    0.49153331922291976,
    0.4117866798666172,
    0.6929485195405396,
    0.5778457580200503,
    0.40906589212213396,
    0.5683036912199423,
    0.5056504867364953,
    0.2019254937018342,
    0.2966081863350505,
    0.32377177367284393,
    0.12241159487024167,
    0.35415622465501007,
    0.2834774402957231,
    0.8645634309377824,
    0.322731150053821,
    0.8085861236917167,
    0.18380332081906814,
    0.863328518687475,
    0.3104165063458494,
    0.5621447383540256,
    0.76786093452703,
    0.15156726767296091,
    0.7084847962331664,
    0.9091138446889616,
    0.24182807457362,
    0.2136019123265699,
    0.37619988802974147,
    0.35778771169941403,
    0.5181361758194826,
    3.876395235802299e-05,
    0.5606167505020168,
    0.009838938290483656,
    0.6459127781391292,
    0.16294965666155325,
    0.309269527762592,
    0.5377286620334083,
    0.3248197609316884,
    0.9792040894752994,
    0.8223428023924128,
    0.13127598135204788,
    0.9523484974780513,
    0.11557848045189345,
    0.04158281273028164,
    0.43138761555492766,
    0.39379244930478674,
    0.9809203378318605,
    0.6024263613981687,
    0.8073062036302903,
    0.8386346297491772,
    0.5267375200257425,
    0.48205637407354773,
    0.888941926062874,
    0.47569078269970855,
    0.4631315223318403,
    0.21709389596809425
  ]
}