{
  "iteration": 125,
  "timestamp": "2025-10-05T00:31:34.347943",
  "pid": 43830,
  "random_data": [
    0.1527982086567643,
    0.4313212307673071,
    0.9804361985310076,
    0.32210373667237324,
    0.21580578702559505,
    0.8457116216459213,
    0.6652581997209477,
    0.5628238420314394,
    0.37046776248958047,
    0.5865481785722065,
    0.29923346296481246,
    0.6593313404566798,
    0.52623171303654,
    0.6260362338280778,
    0.7287628989593828,
    0.14102940795605123,
    0.5868958766178612,
    0.7432245350024669,
    0.6111311486261046,
    0.7226978252757651,
    0.8189308077731763,
    0.8980191553546008,
    0.13507272028236372,
    0.6582585377643728,
    0.039071041740090795,
    0.8179063132498908,
    0.5831371217456682,
    0.16787430485647548,
    0.4203111207088476,
    0.659556477388607,
    0.3674147693160812,
    0.043607555156760514,
    0.10956003208111986,
    0.618663696250529,
    0.04893502628512325,
    0.8832529091898541,
    0.3647201339735108,
    0.23393185667551564,
    0.8828224964242473,
    0.7765088935988562,
    0.3357107622266502,
    0.32998267886857113,
    0.26672763216793083,
    0.9290222841141078,
    0.0738431144627647,
    0.8506795838575015,
    0.34452187837037307,
    0.21714040670331336,
    0.4517780304580804,
    0.6224989608573689,
    0.8028564032580263,
    0.7531723651167853,
    0.32590399117041136,
    0.6319748863306105,
    0.40943868611621637,
    0.717789886433497,
    0.9197412490149103,
    0.7787700839332384,
    0.1866862262066702,
    0.10304093034083361,
    0.05286544606707355,
    0.048954487969718685,
    0.08636304714079635,
    0.125612281442124,
    0.704545899186504,
    0.7082916258008951,
    0.6000202376751982,
    0.8563431602764349,
    0.3979968104663223,
    0.9747444093661098,
    0.02356363394122074,
    0.6209508798014335,
    0.6907771117508923,
    0.10595202040842489,
    0.2650246145851163,
    0.8014253901410083,
    0.42951117015756135,
    0.44058679175915383,
    0.6110949673057485,
    0.3671439298423892,
    0.13452049763431095,
    0.7357088460121678,
    0.766021031560543,
    0.22262703008223939,
    0.20133617279547555,
    0.034663695892506396,
    0.6896888469276489,
    0.2909007895850356,
    0.974206393704444,
    0.2770674292796381,
    0.8749933245006577,
    0.07547932090175136,
    0.19052396427763618,
    0.8956850402659682,
    0.5318920363998503,
    0.6320352622441603,
    0.8723576597353122,
    0.42611011439988156,
    0.29338017315927345,
    0.5197259524312619
  ]
}