{
  "iteration": 210,
  "timestamp": "2025-10-05T00:34:29.196594",
  "pid": 43830,
  "random_data": [
    0.617069952443348,
    0.6939377335930549,
    0.07979820117920888,
    0.5407511988870481,
    0.752554676528699,
    0.6131998092215276,
    0.27348882773864336,
    0.012686723498518737,
    0.15022991165366195,
    0.013630486418866439,
    0.5101655268572578,
    0.516094006340092,
    0.8992537825148683,
    0.6947807827285372,
    0.9311434596897832,
    0.8645842048591815,
    0.40244699077227186,
    0.40430028744529367,
    0.75464921897905,
    0.685708000085437,
    0.5050800947762825,
    0.6903038294120114,
    0.041053850900214295,
    0.4143086758614919,
    0.11725102234304241,
    0.917034980471849,
    0.9511903742346408,
    0.6583665295941555,
    0.4137984374444058,
    0.9902438988610917,
    0.7633451756487398,
    0.353847359919634,
    0.7280098119583379,
    0.6593692109049925,
    0.33393683255202444,
    0.190096168286347,
    0.525608486547587,
    0.3485106533450253,
    0.12240110846646757,
    0.2183236354100746,
    0.05641008877189424,
    0.7929647431790949,
    0.5288954009397693,
    0.005429023444016634,
    0.2100061685549146,
    0.43532773606678155,
    0.1777316667326374,
    0.48496552919367575,
    0.09292370654527304,
    0.5684264158104718,
    0.4084630449297417,
    0.4752711222027135,
    0.4013323023133908,
    0.8116688986522983,
    0.4248719256831276,
    0.4087409246204009,
    0.2742567347780668,
    0.9773020672420512,
    0.7564704713615359,
    0.8948820308820299,
    0.3182515281618472,
    0.3274844162583499,
    0.07706636385988641,
    0.1269370136432969,
    0.14057123457620202,
    0.251552011432406,
    0.02045813502177818,
    0.12231520809545748,
    0.5331674532462154,
    0.3302985122621048,
    0.5546560403309989,
    0.5071802886539564,
    0.2907173170858046,
    0.7971106283176085,
    0.13349052372744896,
    0.14712956775601038,
    0.5102823758320928,
    0.511873610357503,
    0.8249633171111662,
    0.8608621615666378,
    0.40212453884919686,
    0.8915705885084294,
    0.8530231372858915,
    0.49527022322736547,
    0.04892868892177671,
    0.9810255153162416,
    0.409057204439795,
    0.21410733635002765,
    0.6126103541958134,
    0.8772458674723301,
    0.36450068818503645,
    0.0020509217201901686,
    0.5135479695921509,
    0.7261580754866127,
    0.907918611256796,
    0.1224465463171931,
    0.9827949265464415,
    0.255032078967809,
    0.15990494256163046,
    0.24647727125169916
  ]
}