{
  "iteration": 180,
  "timestamp": "2025-10-05T00:33:28.875302",
  "pid": 43830,
  "random_data": [
    0.7739536840892688,
    0.9330507084091162,
    0.49439820904386667,
    0.1039628652519411,
    0.7979730838677609,
    0.48043081804498433,
    0.24859731416868902,
    0.07764233363012052,
    0.34550287795511025,
    0.13315819088956893,
    0.18354000427465023,
    0.8270010539962949,
    0.9137150638290066,
    0.2683655606361771,
    0.989834692452172,
    0.6375539112290863,
    0.6657172865437113,
    0.4129877615152028,
    0.3401214033667954,
    0.18887077325993717,
    0.029723894920936744,
    0.7816358691078955,
    0.1068270583015547,
    0.6962506445349406,
    0.7049115876898526,
    0.16910774366971482,
    0.6213521856753633,
    0.1543400206102843,
    0.9483022456409365,
    0.3827568341986093,
    0.867776010199866,
    0.7869422575985222,
    0.5985549384442915,
    0.9796140542921762,
    0.6167104463836758,
    0.14831414226145168,
    0.01775047750274683,
    0.8570279530268927,
    0.15205438425074425,
    0.1042558368399783,
    0.28732357797698715,
    0.42025518768229386,
    0.5276844449210031,
    0.5402076414877066,
    0.6840319906968517,
    0.99500479901728,
    0.18286335218625394,
    0.986296319761772,
    0.4321177855646554,
    0.8629706520960012,
    0.9151682500469156,
    0.9891416583731348,
    0.44054376182929733,
    0.2604833667576233,
    0.19693014859304703,
    0.4709362022166592,
    0.7943412998413548,
    0.4028052093715666,
    0.311950306812523,
    0.6546661895620719,
    0.29456099154166304,
    0.6112964990048743,
    0.6269996241564515,
    0.9075299573838206,
    0.7926051169486087,
    0.9423313367223977,
    0.1604219054483479,
    0.08145435753552277,
    0.6266613391907309,
    0.5633647835752249,
    0.5988802966054583,
    0.8752554112245655,
    0.6377057807308337,
    0.38918185547787265,
    0.08205564212210614,
    0.8079456336395096,
    0.024155565809646173,
    0.026352715185488762,
    0.9330236543369521,
    0.6330078540854973,
    0.082782055595499,
    0.7895251709011731,
    0.30007096532338484,
    0.046705563880025,
    0.839291742166844,
    0.49446257217260836,
    0.8944907849183467,
    0.7434087057210147,
    0.2522808175893395,
    0.4092171928472532,
    0.6222333691616452,
    0.6569687251820627,
    0.9708950135059824,
    0.7811308419264551,
    0.661947041924693,
    0.12320330131414214,
    0.5202985065461648,
    0.9201345732296975,
    0.920895294113904,
    0.2235095001341313
  ]
}