{
  "iteration": 111,
  "timestamp": "2025-10-05T00:31:04.815485",
  "pid": 43830,
  "random_data": [
    0.04075206178190316,
    0.989760263365796,
    0.5141368380972346,
    0.3519620169843646,
    0.26923287228371395,
    0.20612571986068995,
    0.25169372825336067,
    0.4784937258776274,
    0.07294424474687033,
    0.7109485555347328,
    0.712116922191478,
    0.3251127497249868,
    0.6960817221575024,
    0.6714197511646834,
    0.4052174650498588,
    0.11025212261233586,
    0.3363782213844011,
    0.23535083614399255,
    0.8145708435561593,
    0.41457296843133484,
    0.17388695033248092,
    0.6199752507805655,
    0.8069959634417397,
    0.1991605553039698,
    0.5272692748523838,
    0.6432577027591753,
    0.2549652680142843,
    0.9976054493244232,
    0.378723587556853,
    0.6933521510384016,
    0.832355007471642,
    0.5860346193211317,
    0.12763196291839285,
    0.8891693751627127,
    0.529433960187465,
    0.9507969032367817,
    0.4059624568637312,
    0.6417711529903499,
    0.3336455831891918,
    0.3986846146286648,
    0.4394025946827884,
    0.7159045731010268,
    0.678454264929382,
    0.40401238140510576,
    0.03705901040068482,
    0.23700373626434978,
    0.7629150432388383,
    0.6500704114326253,
    0.4248048388752439,
    0.5113956438340217,
    0.5922051662245172,
    0.539698917073094,
    0.21129539397617925,
    0.39488855070867757,
    0.47640102507915094,
    0.6580342373223265,
    0.39260090833926875,
    0.0018586092764929507,
    0.5702084521474503,
    0.5423192631374761,
    0.514472743682015,
    0.3204078563392896,
    0.5815211213208669,
    0.23814087913569748,
    0.39993913163337613,
    0.21029517247566976,
    0.5182619763912656,
    0.6971191088225305,
    0.6623398357352038,
    0.8343041528366459,
    0.08979048815264123,
    0.5353507607734971,
    0.30826440741308525,
    0.06291251782577412,
    0.2089244388205943,
    0.523100818294323,
    0.7328748164305251,
    0.14137066105288953,
    0.33364708254605446,
    0.9398452363079187,
    0.4593232414021081,
    0.23310361038698812,
    0.07464947533074873,
    0.2948718732098362,
    0.8567628659807961,
    0.03860373586262267,
    0.4685288373743085,
    0.022595050166250186,
    0.0936690821385161,
    0.29002501122914837,
    0.30540058030418127,
    0.32418858511932924,
    0.6005076367878271,
    0.3381602338602743,
    0.6796640769271883,
    0.31425586822533746,
    0.647092612002516,
    0.1968876325728547,
    0.8062787412713082,
    0.5471642958422523
  ]
}