{
  "iteration": 160,
  "timestamp": "2025-10-05T00:32:52.207347",
  "pid": 43830,
  "random_data": [
    0.36807993186464294,
    0.7065226452392868,
    0.5392079680568648,
    0.6088732854295267,
    0.6564838715037281,
    0.9014151054354029,
    0.8072634347977194,
    0.6324958117398416,
    0.22192027308926,
    0.09025926229568448,
    0.5700181197514109,
    0.572062853924762,
    0.5717495461737055,
    0.40059611546593854,
    0.8793673965934331,
    0.7678532817950332,
    0.5920002843288172,
    0.6869801638043987,
    0.310551423933195,
    0.04091474552508634,
    0.7144932779070452,
    0.9049171629709769,
    0.6289199112690573,
    0.6692891307859863,
    0.8041440573082009,
    0.9248396487292548,
    0.5663924536153643,
    0.4905251450227961,
    0.10697129719864984,
    0.6379679631615663,
    0.4654446811682196,
    0.5957119462355954,
    0.22516981996840424,
    0.6694654713799791,
    0.12582926858022625,
    0.6612682206686297,
    0.6621760817577461,
    0.4252939819716174,
    0.34997698947081834,
    0.858442748382403,
    0.4085661467029956,
    0.8986098108063348,
    0.01471782673074118,
    0.14341095584833885,
    0.5747855961705715,
    0.9224704342615139,
    0.07094945642704242,
    0.990358376049968,
    0.7694515918194244,
    0.6559510132389137,
    0.2449217315461809,
    0.8956494739624001,
    0.06899357533679651,
    0.8644987968101066,
    0.9824588303695465,
    0.0410438545498063,
    0.886632133455817,
    0.15477382888634228,
    0.8679768126830448,
    0.1667884150167369,
    0.500969822223928,
    0.49873796847749075,
    0.18327867468191394,
    0.5963987614617526,
    0.9318697325538516,
    0.08168654562248356,
    0.41692564390153386,
    0.7246693984552238,
    0.10302265951992506,
    0.7958407812804285,
    0.3545957625053413,
    0.8576587447012679,
    0.4956225708747197,
    0.04620787056385567,
    0.6013223056530692,
    0.03549344535869681,
    0.15640536531157945,
    0.7020383455122639,
    0.6228477131713126,
    0.6570284400209853,
    0.17461695044536008,
    0.10559020835375676,
    0.44284571746023493,
    0.8172055750337051,
    0.5460674342299046,
    0.41328990550314504,
    0.6298025059986542,
    0.06920166935843874,
    0.7122917740451197,
    0.12941964686622698,
    0.5920237833062074,
    0.730309444541145,
    0.7772217348271396,
    0.8065786012407223,
    0.5944759568961112,
    0.29805806593019657,
    0.18815409719231602,
    0.46882247764575535,
    0.5434319686985285,
    0.999603320855748
  ]
}