{
  "iteration": 142,
  "timestamp": "2025-10-05T00:32:11.653234",
  "pid": 43830,
  "random_data": [
    0.3328203138955994,
    0.6656469570281539,
    0.03691837556993838,
    0.5150683708209313,
    0.5886956706990926,
    0.08224397696209085,
    0.0693798170727623,
    0.35851168262598165,
    0.660539242327553,
    0.15037132336901604,
    0.296620478801639,
    0.8406172096058421,
    0.7231976501831724,
    0.8397401029877769,
    0.8673144615240532,
    0.24081465119388612,
    0.3263390561656738,
    0.38995717784501693,
    0.8747537182819706,
    0.19644658714611174,
    0.14105768683390918,
    0.9402913826712679,
    0.7632456877616386,
    0.5449719293601852,
    0.36432452627122835,
    0.6819273892100829,
    0.11281144496932471,
    0.7562828146868297,
    0.9714801139363423,
    0.6432146277515626,
    0.7497542283208923,
    0.7063280470391621,
    0.01226556876389684,
    0.6504464988247931,
    0.010343855653500489,
    0.14357343886450435,
    0.7858498323845488,
    0.4753937269741556,
    0.37465222642695384,
    0.38859870706413746,
    0.4263915083593218,
    0.5988626314104871,
    0.2750283478108565,
    0.5035469202019814,
    0.3217645877272649,
    0.5937330523611699,
    0.05382097759559301,
    0.11414673095155592,
    0.9364290003934752,
    0.09058973038017537,
    0.4712335838125373,
    0.947916168156492,
    0.8103124791055666,
    0.7520924796068188,
    0.616089647751468,
    0.8388323299926113,
    0.6569212596460735,
    0.5742294167696377,
    0.16112882587030775,
    0.964110926386469,
    0.7639231074465065,
    0.6986863276022944,
    0.4233941922572749,
    0.86273481718625,
    0.5233969237503883,
    0.27194194083064516,
    0.49303326543781123,
    0.561063000758639,
    0.3694474808042201,
    0.048741222593939315,
    0.1936801044243428,
    0.6943049537768397,
    0.48919705755815657,
    0.0886824310553217,
    0.3092619484277781,
    0.29390439302135307,
    0.6793623255769715,
    0.8484426023923157,
    0.4597399333793981,
    0.16170979251172324,
    0.9661004453242078,
    0.8902644441365255,
    0.5658788423430999,
    0.5359199348198831,
    0.8355219578218992,
    0.6310288272901688,
    0.012185138540711682,
    0.2535167609651702,
    0.15616681288946865,
    0.21695825657270063,
    0.23803235601632367,
    0.8722064035824112,
    0.4941470615772523,
    0.9734791544644954,
    0.1008129967424608,
    0.5967994325611887,
    0.5399790844395314,
    0.46027963567188057,
    0.2427095917137253,
    0.273994837536368
  ]
}