{
  "iteration": 127,
  "timestamp": "2025-10-05T00:31:38.832083",
  "pid": 43830,
  "random_data": [
    0.8400178825841995,
    0.9295239245617338,
    0.32872784609371264,
    0.17555325925563847,
    0.3494834831832866,
    0.46853889747612565,
    0.16428992389290253,
    0.2185860012251356,
    0.74601225309989,
    0.9035345399733888,
    0.28369403994884645,
    0.16894813356221272,
    0.5567189287088714,
    0.4382089626437421,
    0.6656130139951866,
    0.38626461438151116,
    0.37187808426948155,
    0.9353839924995446,
    0.5794203537009966,
    0.502958031899416,
    0.3739223938992774,
    0.4711653804966863,
    0.5692867791794008,
    0.1743357029725624,
    0.0211917528279838,
    0.7482803183763334,
    0.49298422968232336,
    0.5655029257888698,
    0.3458834389923712,
    0.5148555354189163,
    0.7915373859920544,
    0.690512838095874,
    0.41980074566321124,
    0.6809149709067839,
    0.41213735758162606,
    0.8458206567398423,
    0.21835576842636872,
    0.31249217602127477,
    0.4015980634876747,
    0.49026997121436466,
    0.005522658877256559,
    0.7896779688341412,
    0.7946246658215192,
    0.8109920596198362,
    0.1191710621824077,
    0.7862628260603876,
    0.2681784843058447,
    0.4292965477548506,
    0.06599599091048336,
    0.14049015898245099,
    0.09032638103246393,
    0.047480270027124405,
    0.7692748303863811,
    0.1237531766452542,
    0.5673254413587967,
    0.060164602572866155,
    0.3348997858248688,
    0.774918318168013,
    0.559095356535203,
    0.972620277009355,
    0.6651056556713276,
    0.6570326693667616,
    0.34915399919303425,
    0.12312546532000113,
    0.11775960116765305,
    0.7485197115082078,
    0.08642311672970993,
    0.8141999602755962,
    0.7737185244486723,
    0.3957037989285358,
    0.2242749214366111,
    0.4404550801018239,
    0.5419454850263664,
    0.7097995179162574,
    0.28675124061605184,
    0.5022390222063727,
    0.6068618643006674,
    0.8011760452442099,
    0.9804163256152186,
    0.907553418276022,
    0.31307489676366274,
    0.22998347787791285,
    0.32931528418137523,
    0.8924441559838944,
    0.8685692385588342,
    0.6951457845921384,
    0.226941856144809,
    0.94526668448254,
    0.6371921282207921,
    0.9335345567020366,
    0.38479569378540734,
    0.8811811246504453,
    0.7410349069737681,
    0.23343330344794289,
    0.3387736551712043,
    0.20734322932993776,
    0.47653258814459165,
    0.9923139608332894,
    0.41463708951736067,
    0.16119391553417217
  ]
}