{
  "iteration": 172,
  "timestamp": "2025-10-05T00:33:13.847370",
  "pid": 43830,
  "random_data": [
    0.7694064058220277,
    0.3738223653895568,
    0.9511336117673198,
    0.5420896455605017,
    0.0006341650228524065,
    0.4446193896839101,
    0.030764598084620398,
    0.9414011166263481,
    0.7402129574493619,
    0.8147538073619686,
    0.6017926430184218,
    0.5450465987706616,
    0.22644986524233235,
    0.2187959986222554,
    0.5376255270298046,
    0.7276117648269186,
    0.15214435769083834,
    0.528606866570177,
    0.701939001925845,
    0.5875039010737644,
    0.7521654607378189,
    0.6711772366802125,
    0.6122434710474877,
    0.08841776465026197,
    0.9265110967002472,
    0.23087671413701372,
    0.9839735221052837,
    0.6376834214303484,
    0.6233025497969055,
    0.2871532071644596,
    0.21676305976144583,
    0.0643834847931094,
    0.755452429289051,
    0.43016509085782806,
    0.31343593399143066,
    0.058320505717873505,
    0.5596106969637398,
    0.15133255736289097,
    0.7318319807959305,
    0.13845093388463126,
    0.17052312774518397,
    0.05371915319472609,
    0.2689861331658162,
    0.18424357463580665,
    0.5380118383653368,
    0.21812823693799666,
    0.18027767643025805,
    0.17376381370003624,
    0.28449413795219824,
    0.8384380263379091,
    0.3401643866903791,
    0.030016697049463303,
    0.3118336448705522,
    0.8722510421336249,
    0.7643563531227378,
    0.38785497344903686,
    0.8234642317799195,
    0.6669442574669829,
    0.8428231662842917,
    0.3076302525486473,
    0.7838728444034339,
    0.04912117782691661,
    0.3417920484231439,
    0.9538694265474661,
    0.888252974275822,
    0.3112422145002496,
    0.9579542154355184,
    0.47318604072032266,
    0.5143221211412603,
    0.27307447974095556,
    0.46119688113891233,
    0.5244577700313583,
    0.1809293020770607,
    0.39588778290803395,
    0.3095378963821579,
    0.4441664635218624,
    0.6907321553348639,
    0.5373009006041867,
    0.2552700848048639,
    6.886640293013446e-05,
    0.041500325488962764,
    0.9688248823689772,
    0.6148786432928189,
    0.2174696158885091,
    0.8912305871690578,
    0.6355123176204571,
    0.01658022918813662,
    0.13932805138365578,
    0.655023332205341,
    0.3375014032222826,
    0.22442263094726855,
    0.044589111834134276,
    0.894320494074721,
    0.8743479237356954,
    0.2969548332868335,
    0.2731748393382659,
    0.6471946665673963,
    0.5081585009289967,
    0.4595275302076467,
    0.8416856839807649
  ]
}