{
  "iteration": 166,
  "timestamp": "2025-10-05T00:33:03.829191",
  "pid": 43830,
  "random_data": [
    0.5793077430124695,
    0.9499938260328842,
    0.7248310085580769,
    0.8892170700372243,
    0.48242468085235657,
    0.9446114205286275,
    0.5320318699264951,
    0.6777260009598841,
    0.18112029596202894,
    0.4645245048967662,
    0.4568647835479427,
    0.10412396252558098,
    0.3405713507794551,
    0.8216190096786069,
    0.9672184006187755,
    0.38022355391724916,
    0.8624400174792554,
    0.6488755147882839,
    0.33726570799314526,
    0.9135657220225153,
    0.09353317856946097,
    0.174526159576338,
    0.7585757377482141,
    0.40845292111423814,
    0.46017500584945203,
    0.816912772393145,
    0.18590804681334905,
    0.936771447522584,
    0.08494011969469284,
    0.3016739060301542,
    0.4740661898465969,
    0.006408673492207861,
    0.17292681550365097,
    0.2691673648884185,
    0.36704665312888907,
    0.7557193691990391,
    0.7311009374122984,
    0.4410788491357138,
    0.10908349466353473,
    0.8188074313047655,
    0.23986317991313522,
    0.8787979204605123,
    0.31566526095963654,
    0.015725723822898385,
    0.896381911127863,
    0.06795312536959097,
    0.5334296573673706,
    0.5876388988657156,
    0.00876255116217517,
    0.5240651116509971,
    0.7974906654344794,
    0.7186510470023969,
    0.14149193175956543,
    0.3185805352970531,
    0.22361179371379936,
    0.5053160112536501,
    0.20421464493310781,
    0.7251261618550502,
    0.7873734311068121,
    0.050983828777752094,
    0.0946925473387441,
    0.6405194955535387,
    0.8979013200187971,
    0.24516172168467687,
    0.31179458466734544,
    0.43276703065127575,
    0.9467093387726873,
    0.18329809326349233,
    0.043499156480097945,
    0.9224485112562885,
    0.7696584293929367,
    0.07683886235955606,
    0.13992603733731956,
    0.6322257938275642,
    0.4907274726000177,
    0.1208035928267931,
    0.6763340264407951,
    0.9505244349833958,
    0.5849284382968636,
    0.9157351969582476,
    0.25313060788610275,
    0.43551536378696654,
    0.2639788944215615,
    0.709053182061008,
    0.43767546388078016,
    0.14490105329229153,
    0.608885558847529,
    0.7720621836454656,
    0.4321481970296118,
    0.46711344554071443,
    0.8548567095925271,
    0.740774885557119,
    0.7552711603481668,
    0.6595517372497466,
    0.7598961251344132,
    0.8982565127634091,
    0.7177813388497252,
    0.24616262616467366,
    0.7691681109394386,
    0.029068775327305785
  ]
}