{
  "iteration": 130,
  "timestamp": "2025-10-05T00:31:45.507749",
  "pid": 43830,
  "random_data": [
    0.14950824150661346,
    0.8457760083654817,
    0.0005770032229289734,
    0.4876182362952929,
    0.3369828844177478,
    0.1768112614975449,
    0.4675504675473511,
    0.03763326564859981,
    0.7689502007097122,
    0.4094949254771282,
    0.029668444729375465,
    0.22892099880173378,
    0.744062843309276,
    0.33244327469653456,
    0.8401498075221245,
    0.8775513326393234,
    0.20257023489777037,
    0.4603247882053373,
    0.13332972820808175,
    0.6852362994258298,
    0.5762472665487192,
    0.45903192808099247,
    0.7715995888025409,
    0.4021896647252041,
    0.12427115369266029,
    0.09244712641726782,
    0.7537407497255063,
    0.6235900507856845,
    0.6129337849207817,
    0.16110812018226128,
    0.07460715351978509,
    0.46913162172667366,
    0.1884354373700292,
    0.8050692763539571,
    0.20202669250465166,
    0.21633207440981317,
    0.2354539156804546,
    0.7419142411012766,
    0.8453313924998554,
    0.7059229399998269,
    0.6808159104978244,
    0.5165896417745987,
    0.5312109818753116,
    0.03931198534098446,
    0.01787565168059857,
    0.7586146238784508,
    0.8058047335234517,
    0.24464320054434563,
    0.7776514236469866,
    0.24572754485091985,
    0.2900396776033659,
    0.3458513830726365,
    0.1675263888167724,
    0.29154594912054754,
    0.2439954258950261,
    0.3217910939919848,
    0.9701663716062466,
    0.44494500996580055,
    0.7874808480142425,
    0.34600053809600373,
    0.9406883297684248,
    0.7254430264916502,
    0.563899814134889,
    0.6103874839789704,
    0.7110274087144886,
    0.07857636146962432,
    0.6135030370537999,
    0.46318521210477825,
    0.44443608687471037,
    0.1404943719518098,
    0.9405854460096071,
    0.8930733909395553,
    0.9969786306459498,
    0.15370333381619095,
    0.21216760827888925,
    0.18160690630435572,
    0.43362537385149,
    0.3227122603705336,
    0.8988883948404718,
    0.79446963149941,
    0.606587225986481,
    0.03318337750360567,
    0.1762516271119532,
    0.6923523444995068,
    0.7486783968876337,
    0.7462572474699933,
    0.2349631069983702,
    0.7632134684324567,
    0.5837376581356428,
    0.5056453005163268,
    0.8693733272920022,
    0.65965578605128,
    0.8169152144071227,
    0.7364779052437853,
    0.9194255309780127,
    0.20456011689635278,
    0.8001482256894171,
    0.8191343147754125,
    0.3563967320365137,
    0.7936900817193439
  ]
}