{
  "iteration": 98,
  "timestamp": "2025-10-05T00:30:38.127817",
  "pid": 43830,
  "random_data": [
    0.7415809602130266,
    0.87368848512131,
    0.5308640758536622,
    0.08783939586294831,
    0.30645070336432456,
    0.16733807166138825,
    0.5885751892518406,
    0.8042158999581481,
    0.9812793252307134,
    0.33228936331059367,
    0.7739583353287937,
    0.48062310280027676,
    0.8536461736515932,
    0.24659193813201752,
    0.9070256248217331,
    0.8666277138762473,
    0.1281071395161436,
    0.8326741898433258,
    0.7583432838079494,
    0.04613189911545734,
    0.29495548101145475,
    0.9381894921590285,
    0.4524967380683246,
    0.4460253717161162,
    0.830990977866648,
    0.9704165416637598,
    0.6525641928909702,
    0.8858609059596335,
    0.1778912158969299,
    0.45783346756263243,
    0.4334798959263567,
    0.008223556446450009,
    0.007549939024821928,
    0.8688150586573613,
    0.1437045245089822,
    0.7346831089364634,
    0.9464278354537068,
    0.9970678309015228,
    0.5151712489834591,
    0.48633135698355956,
    0.8482010799057862,
    0.57676798298953,
    0.22044137324346658,
    0.08327519415220686,
    0.6441573657756982,
    0.13074421336607,
    0.29169092244512096,
    0.2172685091991271,
    0.3067323672142739,
    0.5092979533382503,
    0.009907125473505474,
    0.3617796908018641,
    0.694042796101659,
    0.039695482785868985,
    0.36330530366366887,
    0.711600915685795,
    0.5524495514425906,
    0.6011661331193784,
    0.21442971822355628,
    0.698775944892881,
    0.8348975069154949,
    0.21305870636898716,
    0.7978287147111498,
    0.8926175805834534,
    0.6119478589748923,
    0.31999748291539243,
    0.47665738652240464,
    0.9161942465883416,
    0.7097317753942629,
    0.7021480545536618,
    0.338255575197417,
    0.331694480309379,
    0.03093423432754827,
    0.9051757244602987,
    0.9684020492205071,
    0.15072802229772098,
    0.489399704278649,
    0.03541906436662523,
    0.978626094124954,
    0.5917488878069732,
    0.38854285564440616,
    0.1262644129752375,
    0.6476575682449828,
    0.39601346376907043,
    0.4128497941735807,
    0.5338304885595812,
    0.30391729968828596,
    0.20731597909415944,
    0.42911397370979565,
    0.2170664580663476,
    0.2213085685794296,
    0.3246489123188828,
    0.12815795755773485,
    0.9278649329861661,
    0.32567681161765305,
    0.37242747826289513,
    0.19821430701048925,
    0.8594435445584766,
    0.1426703138377392,
    0.8526245061307233
  ]
}