{
  "iteration": 78,
  "timestamp": "2025-10-05T00:29:56.459044",
  "pid": 43830,
  "random_data": [
    0.20822921386372983,
    0.5671239462139227,
    0.42633474030936425,
    0.5180145527067828,
    0.6555675149214287,
    0.3210116761067272,
    0.29241736271906726,
    0.9472964581895067,
    0.8885659177724378,
    0.5562914057764222,
    0.9584224881190389,
    0.529443706654614,
    0.21915653313331607,
    0.35331915176429474,
    0.9404098615864538,
    0.13625153555898661,
    0.2794735414953665,
    0.7072052058241862,
    0.3600579229288129,
    0.6343788376459488,
    0.38377438282199405,
    0.1535874576169629,
    0.79181043260181,
    0.8601716871431296,
    0.706224999630471,
    0.9669209965241568,
    0.17345087381976276,
    0.6733101516005907,
    0.34023472768841134,
    0.6853706596386454,
    0.4106101415197396,
    0.5593714802980871,
    0.5088619217312292,
    0.04600715127696675,
    0.5215459330326213,
    0.9207671919564963,
    0.22135725109663784,
    0.6376018825342811,
    0.107332942523236,
    0.22402537575078874,
    0.833757289326726,
    0.2939937675189107,
    0.627050830017228,
    0.6894204826147379,
    0.8552744872051541,
    0.9566081452440918,
    0.7074949111220011,
    0.4267531625707097,
    0.19689037136898224,
    0.40227871363757495,
    0.9093898078531185,
    0.8059886467001617,
    0.014832884464688778,
    0.8378000622790869,
    0.9856588453560688,
    0.08119386169357512,
    0.9420155498196675,
    0.2100321331603474,
    0.01910187837579158,
    0.6991615900210447,
    0.286378293284665,
    0.2051147807171919,
    0.8289974835739479,
    0.519922374859748,
    0.507395081622405,
    0.8211688897174779,
    0.32622558562126214,
    0.6242557041478713,
    0.9638766624573765,
    0.60361705450832,
    0.9955996550796626,
    0.450364803432727,
    0.13011108979700148,
    0.4576068289008528,
    0.29057392913960767,
    0.34958967166868804,
    0.5368566959105424,
    0.2561670059044384,
    0.4339477147780908,
    0.42926598750969436,
    0.05983612113636205,
    0.23913002045737264,
    0.22941218312814649,
    0.582812560722384,
    0.13970307022415673,
    0.09644911971604153,
    0.22544677684659242,
    0.06557187377547713,
    0.998073987198766,
    0.6665025437823678,
    0.9397082986961497,
    0.7163535471522026,
    0.5055774825945493,
    0.3829262427499951,
    0.6495306476829514,
    0.4001701208854199,
    0.977336478365122,
    0.14513040356181717,
    0.7028155096148279,
    0.06339519259171023
  ]
}