{
  "iteration": 170,
  "timestamp": "2025-10-05T00:33:10.808000",
  "pid": 43830,
  "random_data": [
    0.5143359923930488,
    0.14082919371996927,
    0.929095310141693,
    0.0993803659377106,
    0.17962542521055613,
    0.7301325096879885,
    0.8488733790997316,
    0.24695962912624314,
    0.11639207405726681,
    0.4456365463741784,
    0.4226648378174007,
    0.4669883008918414,
    0.6780052708382112,
    0.9106716782950605,
    0.20990555642339837,
    0.474796314783124,
    0.9923311066381381,
    0.7831748956320801,
    0.20727224851321413,
    0.8549693782492008,
    0.4924583758219673,
    0.7151305871501563,
    0.2740971714049608,
    0.3105397026919997,
    0.3559780505154181,
    0.853768847621296,
    0.48417901114309436,
    0.10876225475761025,
    0.6368824117816966,
    0.07587304772146963,
    0.6791374545434847,
    0.6091519802578611,
    0.0628273619448313,
    0.7653337048476911,
    0.6652402165438032,
    0.4019378217621893,
    0.2396640366060515,
    0.995924827905999,
    0.8739729394529235,
    0.8982578886405471,
    0.5766080628069534,
    0.4712109624377434,
    0.13395751175792903,
    0.024184354905516514,
    0.46916906159410243,
    0.7959280068077911,
    0.3967769569537728,
    0.8597128972871357,
    0.1148615549776627,
    0.7653310811896558,
    0.3446789398050203,
    0.42509552733431566,
    0.381611883246332,
    0.8666045370866227,
    0.4079961899980429,
    0.012697035600101714,
    0.5372776115033042,
    0.4053905139781787,
    0.05407163632291223,
    0.8134313502154851,
    0.5278837524643295,
    0.8743020770116094,
    0.9886387808546897,
    0.24109735513800779,
    0.14818664208146892,
    0.13945786716859765,
    0.1416340686021993,
    0.30048669589203336,
    0.5405022822388904,
    0.16129404984348816,
    0.9052573230932497,
    0.5556294988028208,
    0.26519114123368026,
    0.19020466573356953,
    0.6476880404012192,
    0.08621623167570425,
    0.7792584282910624,
    0.6733591556295034,
    0.03057416575294425,
    0.40551309199549723,
    0.053114199824127684,
    0.04387062735434255,
    0.28339674807300996,
    0.14386204149493165,
    0.07992209785259519,
    0.30002267364620405,
    0.9444949836541805,
    0.32710917325669353,
    0.20409281915154442,
    0.9167910072956837,
    0.08570115372788722,
    0.8298166546741296,
    0.988320475922915,
    0.7263331774057107,
    0.39153056221502014,
    0.014879489906758359,
    0.6888052243680756,
    0.9133183073750081,
    0.12152494628378119,
    0.8926281100107287
  ]
}