{
  "iteration": 183,
  "timestamp": "2025-10-05T00:33:33.795510",
  "pid": 43830,
  "random_data": [
    0.5258859088073572,
    0.6480125105305335,
    0.7008330835805517,
    0.5807809196436586,
    0.9705913279222063,
    0.6605929075582934,
    0.034268198530140404,
    0.3519076863224322,
    0.6389608130958133,
    0.7129138381050703,
    0.00747286253540258,
    0.7393231114318801,
    0.9534317351562918,
    0.6474464192471935,
    0.6576127398597194,
    0.3711780929491374,
    0.021624350231865153,
    0.5772999915424966,
    0.9422044077401429,
    0.46903176711998074,
    0.13311774956829625,
    0.2102407310667711,
    0.03397149562484647,
    0.6181863111446156,
    0.19088434978228364,
    0.3015184312330077,
    0.6518223066717648,
    0.08742906558288632,
    0.20651577134750365,
    0.4351453490650148,
    0.23209923595431348,
    0.216590901072633,
    0.5689212971891345,
    0.010590311497766902,
    0.3579967174788288,
    0.49412911635804024,
    0.4273831485580353,
    0.34172843757049365,
    0.42710484849588304,
    0.8728305348553683,
    0.12324103227586958,
    0.21421127093602932,
    0.32747246780522543,
    0.7499142331672863,
    0.074687221872491,
    0.5886408972074211,
    0.5517126861376895,
    0.9093518670105616,
    0.40344205938743827,
    0.36579144602922464,
    0.6433838612750301,
    0.710437425524829,
    0.16886742644253705,
    0.2755070801482755,
    0.6331961602791787,
    0.21306299705737064,
    0.5446317821878126,
    0.29105006107219833,
    0.6341204946891015,
    0.9120626642441344,
    0.4174101721147533,
    0.08948136925969719,
    0.692814214384008,
    0.5680932258810998,
    0.6465319024001939,
    0.6187260794013024,
    0.20566355427701577,
    0.6863410147737574,
    0.5945900031444037,
    0.10003607405399173,
    0.7921713410839721,
    0.13229638252672682,
    0.10688527973034345,
    0.20364874603918137,
    0.9534884091140884,
    0.8955687697867912,
    0.7246422740578652,
    0.19082371536122078,
    0.8707112459960138,
    0.9798291824493515,
    0.4548182355912507,
    0.5691931284970901,
    0.11969154457951281,
    0.8365654750854846,
    0.8072611059909998,
    0.002678057681167023,
    0.8876008632847112,
    0.2341020195046648,
    0.041933211409450055,
    0.4441849605840449,
    0.7424361731006083,
    0.20378138322508987,
    0.5108224431408428,
    0.14939661135138227,
    0.8214886899826691,
    0.03418997426793868,
    0.2386555314234433,
    0.5329421579656876,
    0.8811016442538925,
    0.45359822859849497
  ]
}