{
  "iteration": 102,
  "timestamp": "2025-10-05T00:30:47.435091",
  "pid": 43830,
  "random_data": [
    0.026330425210548736,
    0.03458476932714827,
    0.35377301118093885,
    0.4609627866825935,
    0.9233752334241866,
    0.8212439580186671,
    0.7560194772987979,
    0.9110602586252351,
    0.3487617847725487,
    0.464993013830338,
    0.0654577861108715,
    0.884929716337137,
    0.26136511194085776,
    0.2992210376509903,
    0.8883307599203496,
    0.43047319974699927,
    0.19150152791722008,
    0.7601174236843306,
    0.9317346269992126,
    0.419989270002062,
    0.5500433457961228,
    0.5947809485026629,
    0.21443466215759843,
    0.954193986964226,
    0.7629209609691997,
    0.014381133764666987,
    0.9787242459381841,
    0.871193829939428,
    0.8642295113764606,
    0.8137604783803329,
    0.5377647609457235,
    0.7270294407082619,
    0.7339071586197793,
    0.26603316520426734,
    0.4155105845140632,
    0.8686345907960734,
    0.5113204504569127,
    0.8761505468728985,
    0.8210044102505566,
    0.7378138242161879,
    0.5784988861073791,
    0.5294950227420575,
    0.5692936107451733,
    0.828515999364777,
    0.08393307766322855,
    0.004924359765118291,
    0.15614688500375473,
    0.763857453243654,
    0.4219556647640955,
    0.7256561408553222,
    0.43408365677757477,
    0.6846991874661696,
    0.7789649221666652,
    0.6785888510604042,
    0.4938222943596188,
    0.4235267362693874,
    0.08760369628273168,
    0.08895143471702172,
    0.769191784389276,
    0.6263300469201553,
    0.10720615061234706,
    0.31039921667623616,
    0.8924257776029102,
    0.39565894584568595,
    0.5543747488847071,
    0.3343392318324976,
    0.5446047654486369,
    0.5400314159109894,
    0.3354498567384975,
    0.4650406131653677,
    0.3210701594238031,
    0.5992523020492871,
    0.30761614493750333,
    0.7676298993333327,
    0.9028133760948288,
    0.19925469568066168,
    0.5442127739626592,
    0.8964711530774376,
    0.18394201869920757,
    0.33388835165068065,
    0.1366075418295405,
    0.1014608157720086,
    0.34029753439255117,
    0.5462738868030307,
    0.47617281965774905,
    0.1610720787913299,
    0.31743720994462954,
    0.48861924769177734,
    0.7961580601600502,
    0.6157532835183405,
    0.3286917676487474,
    0.9600536507109183,
    0.6303960966067653,
    0.7730746901125182,
    0.7164597758942505,
    0.9411264150183732,
    0.821983344714279,
    0.4752848320926659,
    0.8816134955600419,
    0.10950022303686968
  ]
}