{
  "iteration": 95,
  "timestamp": "2025-10-05T00:30:31.481426",
  "pid": 43830,
  "random_data": [
    0.3663389822657398,
    0.04326999078547655,
    0.7894896725402982,
    0.7252273635601788,
    0.8625732001852626,
    0.5823626019770078,
    0.8526590958864704,
    0.09990407665474632,
    0.6157175302409932,
    0.10693279158385693,
    0.21829049144050472,
    0.16271008213128535,
    0.7727094430985607,
    0.1057898170123448,
    0.010916619861885413,
    0.9515037286912089,
    0.3663195347793746,
    0.4334183737644046,
    0.20357337861796176,
    0.6482667170335604,
    0.8968086336933668,
    0.6501390601990336,
    0.3619866408139616,
    0.7114939972718493,
    0.2913941923474074,
    0.22763250613941388,
    0.5816122492146146,
    0.14600309152098323,
    0.11918205894037293,
    0.023203807322703773,
    0.38846668750850455,
    0.3985477896626196,
    0.24899828504814348,
    0.9925903492466376,
    0.325915312907215,
    0.5642361511463662,
    0.47627637208439233,
    0.4749001783929284,
    0.1289259369560175,
    0.9809644334690554,
    0.9519273924220772,
    0.8033057698149453,
    0.9113703883721558,
    0.5753135148175349,
    0.0013970275435529755,
    0.6966462234114525,
    0.10086501015661264,
    0.33267227562285273,
    0.48233106720735697,
    0.2709339776140287,
    0.3289517696443245,
    0.007092302089985347,
    0.09131116534697803,
    0.05436992427075915,
    0.5783443362180043,
    0.4432769650902968,
    0.14953125887758234,
    0.519494454366612,
    0.9832115948908605,
    0.09875600240858462,
    0.4802229739919719,
    0.48388812876612,
    0.03581384829231837,
    0.5502657915471639,
    0.26104768063038164,
    0.8321129244999568,
    0.8991947928352031,
    0.5569806089369224,
    0.9861648887647806,
    0.8760275107505573,
    0.14301402259083684,
    0.8370144159984113,
    0.958279638015343,
    0.3451003256806108,
    0.4199029400801806,
    0.08315498303385815,
    0.7483411652901056,
    0.1308745833165711,
    0.3911423767319896,
    0.31610115290063145,
    0.9245608098078392,
    0.6105334340773444,
    0.6319146080303218,
    0.3598699111134872,
    0.8912576723749677,
    0.6142727826477806,
    0.4151629090252288,
    0.46571090578350205,
    0.8060498609474921,
    0.2177850120323387,
    0.4562725710370378,
    0.1353596348198599,
    0.7402098645610097,
    0.14320761332933118,
    0.2810274513214873,
    0.1742644862122391,
    0.9368580136523529,
    0.6511854374155567,
    0.8496209318987673,
    0.34787025523609094
  ]
}