{
  "iteration": 83,
  "timestamp": "2025-10-05T00:30:05.702942",
  "pid": 43830,
  "random_data": [
    0.6874381663339955,
    0.03312371053554819,
    0.34206535753900014,
    0.448639338210973,
    0.8347110473198669,
    0.01741517277142779,
    0.7048566791906161,
    0.8878947099495519,
    0.22254625435816033,
    0.40837986168725915,
    0.7158868414741792,
    0.5547924141794088,
    0.2666354542482199,
    0.5976733603682699,
    0.2628424537408127,
    0.3191082031791671,
    0.7245650302462558,
    0.6767016666659765,
    0.1138887054351213,
    0.3282760577139744,
    0.2684221664737537,
    0.32813262934369847,
    0.7416737388422324,
    0.595312572726725,
    0.43293457853781026,
    0.007943583302694845,
    0.8474487727333132,
    0.4640833535254817,
    0.5288711611006158,
    0.3579547060779307,
    0.6472261431560877,
    0.3461766702284874,
    0.5204738072748533,
    0.8654897151004699,
    0.7491287527873748,
    0.5502238314650997,
    0.4361692389717018,
    0.44398264611688665,
    0.9287574443879858,
    0.9538818998369083,
    0.3361984264452442,
    0.43675406418787444,
    0.3309738231830851,
    0.8964487136708668,
    0.007671848503359779,
    0.49522042344311445,
    0.9046437043379756,
    0.17799733178590782,
    0.4211876129354396,
    0.9728253857192853,
    0.8414931747180521,
    0.3536276408804201,
    0.5476446187105879,
    0.6770045955345577,
    0.09241928809892486,
    0.9045283964791303,
    0.32234968327022717,
    0.005689279651455492,
    0.20789827844851128,
    0.04153173435579971,
    0.3751486992404721,
    0.36142714915875207,
    0.6270561052202449,
    0.9593652957082647,
    0.9739422240225973,
    0.2710866576574469,
    0.2728921161463096,
    0.49896563847645115,
    0.9579621195955879,
    0.33743791303759885,
    0.4432143161590387,
    0.4184930286463303,
    0.5849042384778845,
    0.6039045701603573,
    0.736401637050461,
    0.6265782243687428,
    0.03470723815531929,
    0.31414893775092345,
    0.9958104289317833,
    0.19503196837757963,
    0.9747921932993643,
    0.2620343575994317,
    0.05425055777007093,
    0.3065206230842864,
    0.012711851903747795,
    0.2598650195154696,
    0.021854310317172,
    0.6985991367693746,
    0.28135383936470026,
    0.2174289023212358,
    0.27596931202543307,
    0.9829165995433755,
    0.3288943491695182,
    0.736789612674265,
    0.7815446864277206,
    0.9999507737608917,
    0.02075270917046823,
    0.774758014135525,
    0.9747402945204762,
    0.919131606110286
  ]
}