{
  "iteration": 187,
  "timestamp": "2025-10-05T00:33:44.151890",
  "pid": 43830,
  "random_data": [
    0.5863684127943036,
    0.5673182086366447,
    0.802611392688445,
    0.4876976378292789,
    0.5825899661815658,
    0.9330788269740496,
    0.5945405667439396,
    0.20421183477668103,
    0.4137475961805589,
    0.6290625552532731,
    0.7476223271297,
    0.7932265469945716,
    0.993182921053484,
    0.9851971794553719,
    0.4818658492058864,
    0.17099130660364936,
    0.2505936029619852,
    0.27544655696896203,
    0.7610663748147101,
    0.010765201081264109,
    0.053408042082871976,
    0.17459563545677226,
    0.5907192692517399,
    0.5887541086303183,
    0.8414319653697663,
    0.13786664337340415,
    0.5628572811319267,
    0.3995288914670798,
    0.6684717814503748,
    0.04514805913045239,
    0.9325987919341604,
    0.3864564257535694,
    0.7428600854473827,
    0.25612505375638184,
    0.10786821727744245,
    0.4133381948155611,
    0.25223501275751936,
    0.12577073811602413,
    0.046277185051909364,
    0.5442103684363379,
    0.8517379559452686,
    0.4576439740394127,
    0.8589746380273275,
    0.48088454181400997,
    0.7032101112011632,
    0.2173781242406707,
    0.2815334915936645,
    0.5954110272177127,
    0.8062198232642822,
    0.527670137911478,
    0.8022316056212947,
    0.49221293187181037,
    0.1976952918311099,
    0.6135808982528465,
    0.48941890280264033,
    0.04085105200983774,
    0.18168070426207572,
    0.035230508484085155,
    0.9935921906090711,
    0.9298463291946355,
    0.5914971035771349,
    0.6786505572951504,
    0.41128617297639347,
    0.9423468494511501,
    0.9067829305046529,
    0.7176625130681641,
    0.7240631535663831,
    0.011004464800993596,
    0.3793892876216155,
    0.46136314274479995,
    0.9953728614748705,
    0.36771993747049525,
    0.5058911397831097,
    0.6095450829830831,
    0.8851653202083628,
    0.7606118061629136,
    0.9437971743053568,
    0.8797503364228061,
    0.7794741542008198,
    0.5169107287649795,
    0.8327204528625365,
    0.05545882572487415,
    0.2923737793686263,
    0.14470181357264478,
    0.5640528313706397,
    0.18952513455716613,
    0.6854407279026964,
    0.7331422915312082,
    0.6808652656013279,
    0.37595466936028565,
    0.8419007711932717,
    0.5203915321076438,
    0.9486027740967915,
    0.31450860207054254,
    0.435085751577857,
    0.8110079539090296,
    0.1890430952768969,
    0.12990981867908702,
    0.5601071435974196,
    0.5096049128997797
  ]
}