{
  "iteration": 77,
  "timestamp": "2025-10-05T00:29:53.399551",
  "pid": 43830,
  "random_data": [
    0.5003938462827359,
    0.4665871421978134,
    0.427314794018135,
    0.04577148138878395,
    0.17718257439490026,
    0.8275490226734273,
    0.4438570820514286,
    0.08540226189509548,
    0.8530713086415804,
    0.5567048958966879,
    0.19751882882767113,
    0.12763754241579628,
    0.2527433716477706,
    0.6823865010373579,
    0.8108998550266682,
    0.06442717197045367,
    0.11239390452767917,
    0.3934354911011435,
    0.7063394195670459,
    0.3713746293321585,
    0.8427038919583174,
    0.2697018284306649,
    0.5179967080647865,
    0.13327573334179443,
    0.5560538829513137,
    0.07179869959176477,
    0.30628291782797423,
    0.1606877150568743,
    0.12680600806712217,
    0.18894853656607602,
    0.3067207435016196,
    0.820963193517519,
    0.36258408948892606,
    0.6310205204371115,
    0.006221519635821404,
    0.9150775235453098,
    0.6175457162119372,
    0.011512110593073888,
    0.4820576357850933,
    0.044604626328180186,
    0.39538530737920674,
    0.26547108461089486,
    0.53453358159948,
    0.2904197869928904,
    0.5237090084698812,
    0.5722664740960074,
    0.8399482681666008,
    0.5575196820629214,
    0.9402735597974922,
    0.11199016708526044,
    0.3932624399275092,
    0.7420917779505951,
    0.5798828245663232,
    0.638311597399933,
    0.7864045788255379,
    0.8107104576529732,
    0.691975739988793,
    0.11273591243739922,
    0.5798766266370082,
    0.9998985525032457,
    0.5301232906584854,
    0.8418382121254584,
    0.4391751568124095,
    0.5203440327884543,
    0.11322763005176273,
    0.5051729938420986,
    0.24322091805845836,
    0.8646393441018415,
    0.11018333436766437,
    0.9337072527230525,
    0.7379775672588678,
    0.9441493469927641,
    0.15596086643799134,
    0.6354339083988563,
    0.6817380578220843,
    0.5154627417744284,
    0.29222505315768543,
    0.07265398200361306,
    0.49435711163905915,
    0.8970149562895441,
    0.05537039278535938,
    0.5889069926284809,
    0.5148194274657534,
    0.12843539064570686,
    0.38937158450479814,
    0.7698935590130461,
    0.8147176710014529,
    0.3768989476295249,
    0.5734480256096591,
    0.7622290712685893,
    0.807250149291377,
    0.6933819055855732,
    0.5812276297810023,
    0.3895781839852973,
    0.7409772272635095,
    0.0643644111258802,
    0.003389619488765927,
    0.6692191119078822,
    0.6184843017655772,
    0.13790324394665399
  ]
}