{
  "iteration": 151,
  "timestamp": "2025-10-05T00:32:32.558038",
  "pid": 43830,
  "random_data": [
    0.3466843582391381,
    0.3090498730363427,
    0.39093437301298584,
    0.48974541127911086,
    0.8256135817163492,
    0.45191478973241617,
    0.4131931499121474,
    0.740942868009359,
    0.04002238447434392,
    0.08444417910738622,
    0.5129215109972366,
    0.5658680056539358,
    0.5625365868184093,
    0.5575177281398582,
    0.16442621708607208,
    0.40270628815267984,
    0.45082922779105083,
    0.46478087276150615,
    0.9464839268137787,
    0.17060121111251658,
    0.46349887677069235,
    0.5257106128875862,
    0.6845523281578774,
    0.59866983184669,
    0.9207019324485036,
    0.7222911415526682,
    0.2515178413267889,
    0.7334946126978436,
    0.5469504200972107,
    0.002839736077479338,
    0.4376745407466738,
    0.256539760357293,
    0.5207052453867299,
    0.6154699641724932,
    0.3290646483832034,
    0.2874410067213924,
    0.7800733561806471,
    0.4643702648753616,
    0.9458107483266133,
    0.7757573707908362,
    0.8925731957290052,
    0.36458799642000317,
    0.14698905688836472,
    0.055894036637633704,
    0.916987435988433,
    0.7169148025515341,
    0.3952961456599462,
    0.11010944445252235,
    0.2214133114513599,
    0.10948348797126306,
    0.051814806575030126,
    0.6088488757998746,
    0.19824003774518384,
    0.039817930386580214,
    0.6912989751582894,
    0.8068859302446173,
    0.7764629465047591,
    0.24518561411714046,
    0.6506796540081461,
    0.23859357867063635,
    0.9425779871795772,
    0.3379663919307223,
    0.3050419793497262,
    0.44792273234798285,
    0.16395136538522004,
    0.5422866999670442,
    0.4229505176476023,
    0.303165393679501,
    0.0661259577036839,
    0.8660191713501744,
    0.44291401775954575,
    0.5581800730732777,
    0.29985636035960195,
    0.9346988029930047,
    0.4946095532686662,
    0.4210794490044806,
    0.9663888484275827,
    0.49034235325627074,
    0.8779520128522934,
    0.8001651671500954,
    0.8660264300190542,
    0.3717898614980678,
    0.5853827147665535,
    0.7848228493670181,
    0.6608524029866554,
    0.27348180268656497,
    0.2292343567960532,
    0.9883769237387666,
    0.45424402696786215,
    0.07311443166115761,
    0.6343809327410682,
    0.3904987937185602,
    0.017097035554243134,
    0.4661663644603782,
    0.5608281012179205,
    0.019530033651186218,
    0.45795663215282245,
    0.3848830342149753,
    0.09096109188417623,
    0.5918107471113945
  ]
}