{
  "iteration": 154,
  "timestamp": "2025-10-05T00:32:38.068222",
  "pid": 43830,
  "random_data": [
    0.3457257282841957,
    0.3470018678820129,
    0.33453442822713586,
    0.8988162118046943,
    0.5344568611313207,
    0.4907847974699442,
    0.08813864219514056,
    0.47729112327137424,
    0.4894654723347167,
    0.34054925711131656,
    0.7389296139492861,
    0.5146453304767578,
    0.9138724107320125,
    0.1594748167658936,
    0.4187295785967897,
    0.34260995891441914,
    0.3691512094859509,
    0.04741152257185166,
    0.5563647272558563,
    0.3891385111270538,
    0.030482033667333375,
    0.1359826234175452,
    0.563194434622904,
    0.4494643389206565,
    0.05848660345462009,
    0.8686307045622276,
    0.814867223101433,
    0.1804751966044028,
    0.9710827567399966,
    0.06788863444204607,
    0.47319416573056583,
    0.26618512519502735,
    0.5047496939578039,
    0.7524625397736174,
    0.8489571161410069,
    0.8673094866362336,
    0.20311588437938488,
    0.03464477907535135,
    0.5999336690078948,
    0.877463979773243,
    0.8068571540523591,
    0.5367398861698214,
    0.6873806200336018,
    0.560220483830888,
    0.5690607155672811,
    0.8199682510187752,
    0.9811485984851667,
    0.8922456597133374,
    0.7822078222609918,
    0.7765103453918496,
    0.9221317247495739,
    0.2962783378935826,
    0.35617394608038344,
    0.5819838042589945,
    0.3358120933514339,
    0.6410244929784995,
    0.5789331116347026,
    0.2962619939233998,
    0.10859052931095114,
    0.3684366458398636,
    0.4210623031722883,
    0.6743958406029601,
    0.7081069766218188,
    0.608072956949321,
    0.07191475626707267,
    0.1794500810243438,
    0.7529572769089908,
    0.8683905113731963,
    0.4246679253987188,
    0.07514117266680842,
    0.6986101652531472,
    0.8572106257983344,
    0.39393517687601487,
    0.7415549848693891,
    0.33289147465108637,
    0.05876100468712442,
    0.3935834308617928,
    0.42081246776691417,
    0.98990308489746,
    0.9813656265250702,
    0.8961957187470256,
    0.8965754426861446,
    0.08855749759851261,
    0.9153597872625435,
    0.19123769811284697,
    0.25381127627777234,
    0.06561741613162031,
    0.6003092109414747,
    0.6212272891984508,
    0.04976038516882353,
    0.6609865733727179,
    0.192588252670848,
    0.043076837520838795,
    0.306618539614097,
    0.7608835105315584,
    0.0016889316533352794,
    0.17191976223655303,
    0.5740747734997371,
    0.17658336942018216,
    0.5302937967304899
  ]
}