{
  "iteration": 145,
  "timestamp": "2025-10-05T00:32:18.491837",
  "pid": 43830,
  "random_data": [
    0.2870846458686661,
    0.39676665093598273,
    0.003555517215314885,
    0.04837136793924368,
    0.17886132567852775,
    0.6424284447204527,
    0.71807188014265,
    0.08259561179523445,
    0.15667115449195068,
    0.9713947412864335,
    0.9864157990828728,
    0.17179622435038144,
    0.37091337456678564,
    0.24892881188981064,
    0.3484662231513198,
    0.42858270966304934,
    0.4537882284276884,
    0.09001988582230414,
    0.6863552565379061,
    0.9406480901009905,
    0.3177301797462565,
    0.9606668527092541,
    0.7728166316370073,
    0.21949131871468364,
    0.21186852095894948,
    0.7250468756344821,
    0.59747745378896,
    0.9868129560243829,
    0.4940773593279756,
    0.018369912656403087,
    0.0493770442056477,
    0.3875475670768782,
    0.43842427360397873,
    0.32480745125081,
    0.7313403140894967,
    0.763558997694973,
    0.36848105051165014,
    0.43705415287009786,
    0.6100927878430543,
    0.9077084064002062,
    0.6568037915588566,
    0.304772679547031,
    0.28451675221207584,
    0.011222676913025142,
    0.9114682746181537,
    0.9784763111629522,
    0.4713200408408489,
    0.9548789325336517,
    0.33193226814810206,
    0.3319766264349835,
    0.21530311181865636,
    0.5302627487112244,
    0.6006104702802243,
    0.4947315992016261,
    0.6886465681915332,
    0.8356176480774437,
    0.5245972933060788,
    0.584152164943485,
    0.6661903070936144,
    0.7850663951119381,
    0.595966788696363,
    0.653726255785534,
    0.6510304566071698,
    0.45579523570100255,
    0.4486130545549658,
    0.5475859642825807,
    0.9230552138897286,
    0.3025358677329626,
    0.6732795849515463,
    0.579329182213533,
    0.12789311681415239,
    0.08236135632372843,
    0.49131719077489056,
    0.986255444209723,
    0.4287869797834021,
    0.7221051873022221,
    0.3333797470592187,
    0.8917911052708486,
    0.7954970054706916,
    0.9991945885951797,
    0.29133237604169604,
    0.4414730321770345,
    0.6396740782270616,
    0.2621546316675808,
    0.9719933553901927,
    0.9338518603210567,
    0.6220036039950922,
    0.24174683201886982,
    0.02185033214905563,
    0.8876604043498773,
    0.7937042269506284,
    0.8647696761695155,
    0.5810009758358917,
    0.2301644416474662,
    0.7982651936331211,
    0.1582352489908,
    0.2548583304199552,
    0.9023327030226371,
    0.2720834762536134,
    0.7639711418806684
  ]
}