{
  "iteration": 115,
  "timestamp": "2025-10-05T00:31:12.581830",
  "pid": 43830,
  "random_data": [
    0.5016511221218252,
    0.2782462352207974,
    0.7510111697207539,
    0.025303312767559483,
    0.7925738081214521,
    0.3366162786219503,
    0.015047471349469821,
    0.5984960048583597,
    0.8850708822519798,
    0.6689287685611481,
    0.34391878780823504,
    0.5423527865660733,
    0.8521140488983391,
    0.2564737818099071,
    0.6701180720571899,
    0.3844151112178009,
    0.5056179549655188,
    0.3780612805901721,
    0.691768397605209,
    0.0026772826371370684,
    0.3795394134388148,
    0.31811536028025256,
    0.0027200113339843623,
    0.6111047571031504,
    0.5616907299234377,
    0.3731755878407952,
    0.39382938179357285,
    0.9633290599796296,
    0.14363045878903002,
    0.2865954974071244,
    0.8769043839018339,
    0.7275905821308677,
    0.21736848091243732,
    0.9794350813797275,
    0.5281420468995225,
    0.6351974502199389,
    0.6371396562632242,
    0.9681082851266272,
    0.27063361319257195,
    0.7470386749036833,
    0.37947188356522465,
    0.6020806210385383,
    0.8215977162152337,
    0.0821686768571176,
    0.19615296410537464,
    0.0013125110197510503,
    0.9820336549225943,
    0.804690248226257,
    0.09798616324211029,
    0.2874780105173569,
    0.004783955394162986,
    0.027254186195921903,
    0.4459530641380478,
    0.7678938420905009,
    0.3215467415363683,
    0.02523943870925971,
    0.9522315696397803,
    0.8355972808034329,
    0.9579997390216863,
    0.8796927046481181,
    0.49426963432024285,
    0.5779002030080032,
    0.767269572016047,
    0.5068470451814546,
    0.15036710896406424,
    0.06604133343886343,
    0.8022560532333219,
    0.7493105731139259,
    0.8316639032877247,
    0.698064563713537,
    0.37699705510394976,
    0.7138443332590947,
    0.9645585013451154,
    0.26999101135040515,
    0.082409699283571,
    0.8423135024641506,
    0.5984211707875885,
    0.10844519233616146,
    0.30570454873457353,
    0.16196731035725043,
    0.7791629249044889,
    0.12323689969604756,
    0.2398907432124453,
    0.6104997189536877,
    0.6271943438769845,
    0.021899573890140633,
    0.5446156915543902,
    0.5932837680660911,
    0.36338496021865274,
    0.899984066510533,
    0.6180591153431065,
    0.6632491638840579,
    0.002196854292067285,
    0.37167786268210634,
    0.6423148437022559,
    0.1433046427165664,
    0.371581071706618,
    0.15069608176281368,
    0.6485761102152614,
    0.44485562648448607
  ]
}