{
  "iteration": 123,
  "timestamp": "2025-10-05T00:31:29.519318",
  "pid": 43830,
  "random_data": [
    0.6190277262727052,
    0.782105292708536,
    0.16951998488178122,
    0.9425164585656962,
    0.8080915761600378,
    0.5529054938301022,
    0.9224459707382285,
    0.18979488245968434,
    0.9605837943385114,
    0.6634455195099741,
    0.506820028953649,
    0.11877914941697276,
    0.15303130902400208,
    0.671456333326931,
    0.5325964794772553,
    0.4388513919695639,
    0.13157080404699284,
    0.4071339663313962,
    0.6312161915278671,
    0.911064727949836,
    0.4932923067770374,
    0.749413742289758,
    0.7227117317657875,
    0.3772704598180564,
    0.7149611615701591,
    0.2965521624117946,
    0.840090365964513,
    0.3924328346250089,
    0.0017911094290410379,
    0.4374579337818407,
    0.049157108219395895,
    0.934329659639537,
    0.6987193457958443,
    0.7351370106505579,
    0.7240350376419312,
    0.21951978583375364,
    0.36337907543474524,
    0.6882252522254478,
    0.7141038665890826,
    0.2620691039377172,
    0.22848462109168766,
    0.2711272991603122,
    0.1312553882872295,
    0.7088869036391234,
    0.7867407574257586,
    0.4224774268741881,
    0.6604914508846008,
    0.782566466364738,
    0.22210203810409446,
    0.42931976094962254,
    0.7335568775089647,
    0.37934561568858993,
    0.02409063689331903,
    0.8024359837980249,
    0.655680571313298,
    0.8181831190959725,
    0.3212797186032542,
    0.38755594732294507,
    0.34998188399211905,
    0.9600241203629161,
    0.7359389081305294,
    0.4237916304245878,
    0.5645042912369314,
    0.10570731212906015,
    0.8313373119034285,
    0.6303603418850908,
    0.6948712781397852,
    0.19294177424988146,
    0.159059282710182,
    0.8597447756200305,
    0.816872033197744,
    0.492375445727553,
    0.33488817829669015,
    0.7003787212287659,
    0.8590415129042126,
    0.8625925509025759,
    0.23746617256908864,
    0.3587765131578925,
    0.9158673969754347,
    0.37681018542109723,
    0.42193046043564353,
    0.9164863096115966,
    0.9659354688801285,
    0.14588516551299646,
    0.09198736692318743,
    0.2781327144198399,
    0.18892799776493208,
    0.3569915509027458,
    0.8962587868428146,
    0.9353933247895108,
    0.16339646141312125,
    0.9353303200168008,
    0.7801853901892563,
    0.3073130657002825,
    0.9622482077488133,
    0.9056308936034425,
    0.8376052724382244,
    0.12383034759582812,
    0.21956432737918863,
    0.82052604573746
  ]
}