{
  "iteration": 157,
  "timestamp": "2025-10-05T00:32:44.870719",
  "pid": 43830,
  "random_data": [
    0.5402423792123413,
    0.03202495778936598,
    0.613214920075585,
    0.43262762193199866,
    0.9141509536306822,
    0.7924072748332209,
    0.33316793842044945,
    0.022808754022304867,
    0.06341195847081205,
    0.46193513234191286,
    0.37221426928579304,
    0.2064723840999937,
    0.6545810187127438,
    0.36883582403271975,
    0.681109816527794,
    0.9380820441547273,
    0.8722795930565106,
    0.9058812625512704,
    0.8623938139499078,
    0.4140018470349821,
    0.6562525127231447,
    0.1728838589415157,
    0.32979461223859274,
    0.6684831990793999,
    0.6254841184448198,
    0.11712816114386282,
    0.5823186395455612,
    0.292714604658458,
    0.3948929687625531,
    0.32978905734372677,
    0.11440265238786396,
    0.08006033265653434,
    0.16949846378092248,
    0.4559240676651868,
    0.6925055408436083,
    0.2688781802704371,
    0.7449750165548285,
    0.11709104822983019,
    0.9275468603290385,
    0.8894365478195041,
    0.9973580052451769,
    0.2321450776606092,
    0.21846307342689197,
    0.3160830744922214,
    0.2037201123422373,
    0.7226742371372203,
    0.2836895741891715,
    0.5073511905831704,
    0.14958665332988086,
    0.9627693264190275,
    0.08811679727996924,
    0.577447895176036,
    0.7391964581076069,
    0.2646766092035924,
    0.26491283343863536,
    0.6998367908681302,
    0.8333645321934755,
    0.3425866498685275,
    0.927265982094055,
    0.17802299569903646,
    0.6530160820429892,
    0.8844871033764686,
    0.6995216960172235,
    0.28571325487538657,
    0.5175826143804051,
    0.017290837401900627,
    0.1415852661353506,
    0.833287485273225,
    0.1555396313001991,
    0.2199365527444086,
    0.4203118302312212,
    0.9815861007793373,
    0.03197754801155428,
    0.7882279758053581,
    0.6967543302206538,
    0.20976768381679334,
    0.035245208164896735,
    0.17962530595070125,
    0.10478999946410283,
    0.5443770924862925,
    0.6286679012204222,
    0.06489145204773694,
    0.027823041633485923,
    0.8344881247796675,
    0.9141687330833564,
    0.8693996454019232,
    0.3540378776136506,
    0.49688350538184267,
    0.06571572524702873,
    0.04413887325339416,
    0.28990689100108635,
    0.03316270416560829,
    0.38993285998771077,
    0.6506942626076974,
    0.6271705475710797,
    0.4823502080616415,
    0.3631797224466833,
    0.310704678900372,
    0.13970156527679722,
    0.8986885020186222
  ]
}