{
  "iteration": 181,
  "timestamp": "2025-10-05T00:33:30.028260",
  "pid": 43830,
  "random_data": [
    0.587322147583196,
    0.2803911937373983,
    0.27473804870857943,
    0.6707307897496257,
    0.9700420503482368,
    0.2413842035845667,
    0.08822899196055756,
    0.801135758810627,
    0.19567479834419332,
    0.5184110688969688,
    0.04600273768366947,
    0.9547907415970007,
    0.06678355196383812,
    0.7848073562217881,
    0.3432218031351548,
    0.7402732638251877,
    0.41518556802183537,
    0.7220857979096852,
    0.21865756796493374,
    0.633379899751591,
    0.5157406114197118,
    0.5405183591596341,
    0.33455635400487205,
    0.3955804390904035,
    0.23654119936717122,
    0.24007101316357315,
    0.3121590398247932,
    0.7904798280152925,
    0.8212376931617645,
    0.26376946667553913,
    0.5274389190151019,
    0.3941477812399756,
    0.17469532054173698,
    0.3003002410698883,
    0.6144797099702657,
    0.9682943748692828,
    0.9950028052946476,
    0.8536082976221648,
    0.18374823990545286,
    0.2835738709405137,
    0.30165340365026305,
    0.898514687863164,
    0.7928127645700892,
    0.0458874655445658,
    0.7041571709737766,
    0.5799338843874632,
    0.5431677377372957,
    0.06870172430234922,
    0.12478949580909915,
    0.7019170538606213,
    0.5175396951377248,
    0.7037457965868468,
    0.7859924283509663,
    0.35364763468465377,
    0.87733673799745,
    0.5645267893075488,
    0.36882608042588694,
    0.15668542208063962,
    0.7916608192639608,
    0.2706650915858537,
    0.3360125824082907,
    0.5725383988218983,
    0.02184765546872547,
    0.6346898100547801,
    0.02406524236991381,
    0.4152810429161172,
    0.23212746258227723,
    0.5998314826479398,
    0.3452833668110987,
    0.24390210081075747,
    0.9609001260659695,
    0.6784457074428366,
    0.867366559837566,
    0.13955276074560752,
    0.15353236027345307,
    0.22521271679363442,
    0.0521380344687461,
    0.1493160899072441,
    0.017819099617765843,
    0.4176187585749137,
    0.21583073482467152,
    0.5649826948011373,
    0.7395390215258042,
    0.3066353631032198,
    0.6828115667699338,
    0.7411983369958497,
    0.5885937924439345,
    0.30461523410015534,
    0.5852731375882789,
    0.00969330343184649,
    0.1981197672156061,
    0.0591615346628277,
    0.9472068404805554,
    0.8947971946404948,
    0.580203997478515,
    0.12196428837141426,
    0.29013708250086967,
    0.6272119902391935,
    0.6351545817566415,
    0.2728858924372992
  ]
}