{
  "iteration": 74,
  "timestamp": "2025-10-05T00:29:47.578720",
  "pid": 43830,
  "random_data": [
    0.23436179034805793,
    0.5526650819883091,
    0.19772952484527562,
    0.30881393917773337,
    0.8633048065202679,
    0.6553111859928419,
    0.9805358586754165,
    0.6831865237601951,
    0.9837610077901031,
    0.06255520299408168,
    0.8156179518857046,
    0.32860913435959394,
    0.026868044201500574,
    0.8732563389097409,
    0.7229096562106797,
    0.9499250880570693,
    0.05812791211467583,
    0.4030212369577786,
    0.141932843577654,
    0.7067991119269621,
    0.7197573042943453,
    0.18052749938677237,
    0.06636061974567009,
    0.6178326418015899,
    0.7456277574628228,
    0.770851349698244,
    0.9090431069748881,
    0.9362708227208799,
    0.2961137272561324,
    0.978369318611555,
    0.18726639045990057,
    0.6498479019898842,
    0.061570475843773176,
    0.09915580102340027,
    0.5254241890041063,
    0.08936660901824789,
    0.18972395391976338,
    0.12865177874099665,
    0.18285605765076007,
    0.37122041150292473,
    0.7464894055133307,
    0.40629527223882245,
    0.06657721527455196,
    0.7734388698527691,
    0.48994849026476195,
    0.5313279914060893,
    0.1641723338739789,
    0.3331480751909415,
    0.24759708428354166,
    0.6865998067474837,
    0.5834264264308159,
    0.750483993335349,
    0.7463417072104911,
    0.3139898249137044,
    0.6175492963265636,
    0.715452164736647,
    0.4606080700460443,
    0.4470227179474239,
    0.6326508271253991,
    0.6036563401840244,
    0.9893975142753919,
    0.4227933359318835,
    0.3738523810398555,
    0.1450784654877323,
    0.32132181132760795,
    0.5206273163887004,
    0.913192802880586,
    0.16866197759405221,
    0.02135471404716549,
    0.38291357367034484,
    0.7717760930252507,
    0.2073746132855061,
    0.5959765574292794,
    0.3224061353260447,
    0.03066113355199407,
    0.050559645076958204,
    0.4159289035654782,
    0.1933108141765132,
    0.8882151472354933,
    0.58549306404775,
    0.41081693989918344,
    0.3995210277469873,
    0.6299677808913446,
    0.9152963748599271,
    0.7246538842382543,
    0.6239260519282829,
    0.599270945595141,
    0.6893857778647156,
    0.11148583230683384,
    0.9418472571304938,
    0.91210184702063,
    0.08920287517047498,
    0.3703401163824861,
    0.6197915163443453,
    0.8798150536012005,
    0.47050034627769743,
    0.872740574528403,
    0.6035954278583119,
    0.9166378388267109,
    0.7805317520162746
  ]
}