{
  "iteration": 174,
  "timestamp": "2025-10-05T00:33:17.608019",
  "pid": 43830,
  "random_data": [
    0.9091777111502087,
    0.30917196595032415,
    0.7766684648564207,
    0.4385685856474444,
    0.1321656026624577,
    0.4282481137481273,
    0.4691032618714901,
    0.24500716303951886,
    0.412962876566099,
    0.860151004153965,
    0.4534966865258059,
    0.4306286002039599,
    0.18091616028455926,
    0.05333465487357425,
    0.11881678189816902,
    0.2593096089344231,
    0.8557099202371763,
    0.8419235117004319,
    0.7488799100112908,
    0.5328186321689466,
    0.2075178716524525,
    0.5421313768024157,
    0.7346963394417257,
    0.823931928881753,
    0.5410343687152435,
    0.08570050260248419,
    0.012672434998687976,
    0.703197792587592,
    0.9138205268992744,
    0.353659417744428,
    0.11087373779166221,
    0.15699739074923524,
    0.14295237728306198,
    0.7105895955088632,
    0.3775672775551946,
    0.8182622147253314,
    0.5413224768739845,
    0.22641960817461548,
    0.8825728846822808,
    0.7775667066550234,
    0.8290331788854931,
    0.678735380850095,
    0.396213714960174,
    0.4591622437869548,
    0.33321343736927056,
    0.7133876799369221,
    0.03469852194604839,
    0.698743348843337,
    0.8427950446073363,
    0.02162439140772232,
    0.8244433189755954,
    0.42648220338989007,
    0.07982538966155439,
    0.8086699050826773,
    0.5070689930038734,
    0.3237158428958885,
    0.09005682802303572,
    0.6731419861002754,
    0.0528838683591889,
    0.8207764754619552,
    0.9267881778586244,
    0.7504241388981461,
    0.03465520530981547,
    0.33594334153668115,
    0.5512829140730318,
    0.24634537006346946,
    0.15997271260693235,
    0.020989954519663012,
    0.5322634033191602,
    0.7183801772185201,
    0.7909601152033262,
    0.507624815862341,
    0.14290146449173746,
    0.02113547777280722,
    0.5126806408892753,
    0.9542710074461872,
    0.15599471453093727,
    0.38890075876008967,
    0.2978922249622534,
    0.026647667348916326,
    0.5526922339204711,
    0.32619096195273667,
    0.7928445447171035,
    0.5189134105920885,
    0.1191765954415902,
    0.8650721229722762,
    0.933972929023154,
    0.6474725729474156,
    0.8625941822394796,
    0.8829487982753069,
    0.7761847863447183,
    0.4918273158833911,
    0.001492339668846543,
    0.13938761166022573,
    0.8490539125489559,
    0.3389955633834929,
    0.4661135364294984,
    0.32614429466995243,
    0.36117863825960583,
    0.39104452289378067
  ]
}