{
  "iteration": 124,
  "timestamp": "2025-10-05T00:31:32.427960",
  "pid": 43830,
  "random_data": [
    0.7889253389511235,
    0.12837690732560936,
    0.6448524187186593,
    0.6017850213487799,
    0.5178709060568099,
    0.07380015212394375,
    0.22135802939370486,
    0.9240192227833283,
    0.20640618261354648,
    0.9205846416027851,
    0.6088158184122748,
    0.17591167601933,
    0.5343489685390141,
    0.5837668368584404,
    0.3656333196584193,
    0.23134829979516758,
    0.9574318720516515,
    0.42948700269740425,
    0.0786942671606935,
    0.7359325691286853,
    0.2621262158374661,
    0.6154858681560272,
    0.5313538501916767,
    0.042628038250988265,
    0.6430923746958056,
    0.43726549693159866,
    0.7240093586243344,
    0.9433276203429304,
    0.3100433978934657,
    0.8480571290149346,
    0.6339707192726952,
    0.6696245256754971,
    0.735157493538471,
    0.22066785575240377,
    0.6505071972217755,
    0.5031885324616274,
    0.11132596447796994,
    0.1388427226936806,
    0.12139270386906365,
    0.5975685544518516,
    0.04159256284981516,
    0.5707648207096547,
    0.573581980127686,
    0.7934850990528838,
    0.917410831118395,
    0.0200196460654003,
    0.24991297286631264,
    0.7368108230346133,
    0.49852227740414845,
    0.9903349453087907,
    0.25174487536068946,
    0.676138098760155,
    0.15465102474181902,
    0.033290837699534115,
    0.08327837661720139,
    0.8251247466548625,
    0.9638882898377198,
    0.3772213282667639,
    0.5464943864638446,
    0.5413298283407543,
    0.9127703940516284,
    0.2409628315695337,
    0.03537658586834813,
    0.682824458132515,
    0.5138751905985992,
    0.7662847547696029,
    0.7616038986937528,
    0.9621417329999918,
    0.052564842859530225,
    0.7099865524598826,
    0.5252268139624524,
    0.4746474357334407,
    0.38960839378869483,
    0.4193791295112589,
    0.021867740596753893,
    0.9941009138153555,
    0.13758157471675392,
    0.42374896502048065,
    0.5551876025341014,
    0.4768359237205392,
    0.8509214858608302,
    0.9208050956543136,
    0.4478941198293266,
    0.48069688412420686,
    0.21942716150789154,
    0.5082231607654395,
    0.5818463474539229,
    0.6346624102922431,
    0.24703261560959,
    0.5372226106520903,
    0.4802036307800037,
    0.976153068835761,
    0.3244300041161384,
    0.0274357119255898,
    0.4112920565254624,
    0.6699125119611963,
    0.7081766776133326,
    0.9277990930988618,
    0.30604370492439836,
    0.4402348707560628
  ]
}