{
  "iteration": 138,
  "timestamp": "2025-10-05T00:32:02.521192",
  "pid": 43830,
  "random_data": [
    0.48854274661722974,
    0.8558101309231007,
    0.3697957570372754,
    0.038127963283468125,
    0.41148710167304614,
    0.3356312431512325,
    0.33925237890747795,
    0.29950561165436007,
    0.8300682546122715,
    0.5192683837164938,
    0.882020442854725,
    0.9292604699439752,
    0.42964436788775484,
    0.36124178384217476,
    0.1496673657777602,
    0.0005516051667215915,
    0.42648440414540223,
    0.15187066282879946,
    0.845546737972312,
    0.4160211624124056,
    0.24614367753612298,
    0.7625867634981903,
    0.7848726842664537,
    0.4047422244876865,
    0.20770618713067646,
    0.7282559675440963,
    0.5686151988628416,
    0.9308634078171603,
    0.5519998369298652,
    0.09693245113111049,
    0.22170912605238302,
    0.567172697467083,
    0.74770795137436,
    0.4963091346945654,
    0.989263492203876,
    0.760988514280844,
    0.7424789080887042,
    0.19050713125021612,
    0.47442332592539427,
    0.24515066831502585,
    0.00822030877732205,
    0.41607929510021935,
    0.18583025257025754,
    0.2872675361486302,
    0.514736987893206,
    0.3510982950323308,
    0.7676559223217343,
    0.6098189612291919,
    0.9100636339420071,
    0.6678063318328847,
    0.3855014565924827,
    0.5939002110452727,
    0.9155934604566559,
    0.08402402144116228,
    0.7897617910997594,
    0.5586344591748061,
    0.3369641892412343,
    0.05152766308200862,
    0.2641527103502559,
    0.2666197294123501,
    0.03794758348497962,
    0.9729154694717006,
    0.1967945153009537,
    0.2716340833048252,
    0.49325141299454167,
    0.3891606110705125,
    0.807663696014095,
    0.8067547728585337,
    0.5811562001005036,
    0.0494426692487544,
    0.782086297155582,
    0.360558872835415,
    0.9268549458647258,
    0.8533324396921311,
    0.6449991857905025,
    0.38540913283567946,
    0.9638660963174733,
    0.6860271048673868,
    0.24825683217521877,
    0.6896798973909182,
    0.44348681318561267,
    0.7549738938762772,
    0.460292865795085,
    0.1864416425790303,
    0.45775103448196763,
    0.028210320339148498,
    0.014173023527631279,
    0.8827508293356727,
    0.8158827837517212,
    0.8953013501461821,
    0.4576740129765312,
    0.6222433804931276,
    0.4597409153171682,
    0.9872054961781778,
    0.8709491096995577,
    0.2226280411006275,
    0.45221714227508436,
    0.8212039736876368,
    0.02406477188138967,
    0.030016209870752708
  ]
}