{
  "iteration": 195,
  "timestamp": "2025-10-05T00:34:00.670251",
  "pid": 43830,
  "random_data": [
    0.4112493975300827,
    0.27572110593285537,
    0.6297101591569239,
    0.41228045749741293,
    0.10805780436097756,
    0.12912309744696604,
    0.6346716999351815,
    0.3192344236092286,
    0.5440669874510149,
    0.8922729025675261,
    0.33418791270769,
    0.013258231839963663,
    0.6015880780864219,
    0.8337833121327081,
    0.1865664387246505,
    0.5027011861474008,
    0.8589910884342845,
    0.12400941837019108,
    0.4966123043218085,
    0.8247822597618218,
    0.00555719132641308,
    0.4904367722423618,
    0.30103620569545364,
    0.2700196400504603,
    0.04438775374889037,
    0.016422469465356193,
    0.448259578328433,
    0.8457652980483882,
    0.10692573620140622,
    0.9349236586757192,
    0.4406147590397218,
    0.9979692125758347,
    0.9772110798183735,
    0.40323711406853247,
    0.9545368694523726,
    0.8044474240103836,
    0.0328872585670954,
    0.931540662453205,
    0.6584390226182868,
    0.45500213033933,
    0.4887943272658327,
    0.7649205921136528,
    0.09970874181606126,
    0.20027984441315105,
    0.3058150095034632,
    0.2679223978711638,
    0.48591182461855476,
    0.7786512513342603,
    0.6881309892187444,
    0.3228643953917876,
    0.31510375294820414,
    0.5736808012908066,
    0.5775335670307739,
    0.14364527254314863,
    0.6033310647455825,
    0.07098291270852408,
    0.3396942924507703,
    0.38074405301893344,
    0.9515197363863317,
    0.4952996885623543,
    0.90104009030241,
    0.012371221499272833,
    0.027606164516266518,
    0.9359820643476386,
    0.8820667177300103,
    0.4368884413348978,
    0.4627654510008302,
    0.7227870718947057,
    0.35308644166578596,
    0.04514824218014468,
    0.6347037663628964,
    0.2821121092240141,
    0.1841952928190116,
    0.2947831810389073,
    0.6357646197152914,
    0.11520285379447293,
    0.21455883141242826,
    0.14625042304296143,
    0.6440742919848512,
    0.22138107920018413,
    0.42408048924820296,
    0.09543934306747837,
    0.2775699690074006,
    0.7308885209095835,
    0.23924971563882835,
    0.37576877701493083,
    0.03794510784068661,
    0.9873208588221825,
    0.14413808886903356,
    0.7241779638288013,
    0.5014489966918438,
    0.7482446084527132,
    0.6851165801899654,
    0.8655517924854881,
    0.7072405658472639,
    0.9564968399909042,
    0.14647011066899374,
    0.6302814292106022,
    0.875928555885552,
    0.7892986286721688
  ]
}