{
  "iteration": 110,
  "timestamp": "2025-10-05T00:31:02.436672",
  "pid": 43830,
  "random_data": [
    0.28787906099404337,
    0.01850417623506906,
    0.5634919425363958,
    0.5387086821758938,
    0.4249544686451159,
    0.5296537497198496,
    0.5365671032461857,
    0.20488561776487735,
    0.258615975372364,
    0.6447817812570764,
    0.5325223063476744,
    0.5393215033721607,
    0.5267576502953126,
    0.9102735193609213,
    0.4426060563397459,
    0.850028368966996,
    0.536218836140813,
    0.980005427052798,
    0.9201361700322742,
    0.01717207764592632,
    0.26695180926010775,
    0.07620400820079987,
    0.049217037738053304,
    0.5993541550937594,
    0.2804165890443059,
    0.6553068814977757,
    0.41115616329281934,
    0.9050208811166913,
    0.18436378152503496,
    0.5748732085517785,
    0.8525718853677111,
    0.707652550623706,
    0.9777117208660302,
    0.037405828964026666,
    0.8772672973546247,
    0.4467690838369064,
    0.15049658098089513,
    0.07805281505236727,
    0.45218209194880987,
    0.7742195387444305,
    0.15625881140966003,
    0.28779655407130156,
    0.7460807949980804,
    0.9271626345294678,
    0.8315083118671488,
    0.8938611987717082,
    0.038138942669582065,
    0.5526447227519194,
    0.3232994157393676,
    0.2120599655948493,
    0.7945637375604498,
    0.4138732455678026,
    0.3757929106751132,
    0.3822796126463708,
    0.7869683241785179,
    0.8627902805127258,
    0.8435376558824755,
    0.22675024217684447,
    0.01016263858769939,
    0.9697127213197143,
    0.20632778227607418,
    0.9169574919315935,
    0.4360264141080258,
    0.5257826183545247,
    0.9981774136229952,
    0.3640377746482334,
    0.13532358932568334,
    0.6583048501931433,
    0.5380104698910563,
    0.16914269977878338,
    0.3482013943685752,
    0.9823799688607804,
    0.6372762008337992,
    0.8914011167946284,
    0.5113800251572259,
    0.7170197387326135,
    0.6531068179276778,
    0.654382990773354,
    0.29707115704950937,
    0.005747387405792392,
    0.7185232731676122,
    0.3819060258605843,
    0.31061269383069556,
    0.9704976926829321,
    0.9057017261189623,
    0.0064251012883094205,
    0.06076325306878683,
    0.5827820482335171,
    0.8243623678820033,
    0.8987130756509721,
    0.23887380933288205,
    0.5233027864629792,
    0.9048487931600524,
    0.8443716284242897,
    0.7217265671085716,
    0.535643049924711,
    0.2576361847081441,
    0.46334199458431435,
    0.05634717722381066,
    0.08989591991089185
  ]
}