{
  "iteration": 203,
  "timestamp": "2025-10-05T00:34:13.174256",
  "pid": 43830,
  "random_data": [
    0.6197183574766537,
    0.8832210739095215,
    0.3060840918813804,
    0.13190585605193117,
    0.15062774859033423,
    0.6801754012339861,
    0.6095774520705425,
    0.8680246149697047,
    0.11747196855431918,
    0.6879701099474375,
    0.3335636059432894,
    0.5228417326251414,
    0.22578798443453196,
    0.7607114133872194,
    0.9569593165556247,
    0.27733971108909683,
    0.03903732374835234,
    0.8927775710807416,
    0.3517396797910939,
    0.35629566266002766,
    0.9913689717857105,
    0.9043557921164441,
    0.8482613248317639,
    0.05874771860459904,
    0.10238968313265784,
    0.7985966322829783,
    0.024959873651090203,
    0.8572152611234375,
    0.4239714152899421,
    0.5599964027197948,
    0.5139002522900908,
    0.5731690621202049,
    0.6389108932953945,
    0.09200945335188593,
    0.8006485200768666,
    0.14698012115053194,
    0.2033065999548257,
    0.4224420983544692,
    0.1807973712515989,
    0.0947277562044394,
    0.3443540490278024,
    0.5932050836620267,
    0.8107207391340728,
    0.16435872884659508,
    0.746599808969827,
    0.4229696012300588,
    0.5386345090307342,
    0.06460922644719647,
    0.1709052623603865,
    0.5807206852647085,
    0.7732856025165268,
    0.7168839149679002,
    0.729730277312876,
    0.9136884429582127,
    0.7994256006222138,
    0.5279723565098274,
    0.1754466303265464,
    0.7228993822461494,
    0.13284943680090566,
    0.7404624954552544,
    0.6800813610842437,
    0.1758622600087707,
    0.46566269208132627,
    0.697985591937407,
    0.3418234510593623,
    0.739879976719883,
    0.2127025171743272,
    0.3206281884138954,
    0.8705976097534708,
    0.8121247331586979,
    0.47216375697387936,
    0.5207239215842397,
    0.9554934620473923,
    0.5956295873351299,
    0.18656239386009932,
    0.7122479973968258,
    0.12958849612165924,
    0.059492892463274494,
    0.6920185038206835,
    0.6112701731979235,
    0.30272154456068423,
    0.9170690960977353,
    0.07258787192804639,
    0.8549053026663288,
    0.4640100688696971,
    0.34056618020040663,
    0.7985863989068984,
    0.04606146515488807,
    0.6595696499931779,
    0.241687386471925,
    0.6267866564361307,
    0.9572244140893821,
    0.3614656594418978,
    0.6132836762929107,
    0.9157354333422303,
    0.35275380376229404,
    0.16308967891645187,
    0.907464514566485,
    0.49529846582175885,
    0.5818386267398372
  ]
}