{
  "iteration": 179,
  "timestamp": "2025-10-05T00:33:27.503188",
  "pid": 43830,
  "random_data": [
    0.6085923741526932,
    0.8319797728601627,
    0.7080869662793585,
    0.8021007891159101,
    0.5214134730238356,
    0.09400343014288604,
    0.6849754047679221,
    0.34055867920776084,
    0.6331160258407583,
    0.12348743532238371,
    0.6474445284261052,
    0.7759317056513921,
    0.7933439547786578,
    0.47959234635131365,
    0.10582530216155384,
    0.6579457184630324,
    0.9381127971137362,
    0.23704512902293462,
    0.5045703169320022,
    0.44808337658878605,
    0.5871893515723577,
    0.3087064471936515,
    0.06894368164878106,
    0.31751922468000293,
    0.169534246061952,
    0.22616656152811965,
    0.9692614793690484,
    0.36144704418062923,
    0.17929045394969179,
    0.7421504223724535,
    0.4660997342324621,
    0.607196087459892,
    0.013648384821712822,
    0.3286406233907784,
    0.7267081525010739,
    0.33429984504203936,
    0.5876244186956819,
    0.9259285677430115,
    0.4405251321181808,
    0.19799881861414992,
    0.5636160348579614,
    0.030028411734098537,
    0.4946652027571494,
    0.11336909862092637,
    0.20468484520667973,
    0.963880583489837,
    0.7662140868950607,
    0.7976262287366156,
    0.0772238322700346,
    0.8619519201987614,
    0.5495542557936419,
    0.06388855055042741,
    0.14842027266782631,
    0.6700540259639651,
    0.35644149659833335,
    0.0559280246733419,
    0.6794706847232745,
    0.12267253039717074,
    0.9268466432108903,
    0.6125023612640643,
    0.37537933744343466,
    0.47369778492678094,
    0.15619521277348825,
    0.5227382151242428,
    0.10681240464862063,
    0.5850936938355884,
    0.1449300626801251,
    0.38905670462402697,
    0.5211563836700189,
    0.034858382237056396,
    0.7943900087829345,
    0.6965385876371838,
    0.6048919049181499,
    0.2292341588693484,
    0.3714154142277004,
    0.25330144580390257,
    0.00355074486174789,
    0.16028374289017766,
    0.9332431006096339,
    0.34900287115688866,
    0.6190245089439282,
    0.0345505329411111,
    0.44449339835841073,
    0.9410033083366331,
    0.47872779858228254,
    0.04273962380856422,
    0.09073853144433197,
    0.8655808088830643,
    0.5811838082545125,
    0.30553466837854326,
    0.599771634671419,
    0.3583240603556225,
    0.33905067675162115,
    0.6842829071219478,
    0.19687131196171892,
    0.6513356785153084,
    0.9243929103549382,
    0.8427299140487828,
    0.7754879791949374,
    0.7316885659615131
  ]
}