{
  "iteration": 185,
  "timestamp": "2025-10-05T00:33:38.660407",
  "pid": 43830,
  "random_data": [
    0.025122928446453474,
    0.7113869660537432,
    0.08819612666920307,
    0.6468757724948856,
    0.9883673506871115,
    0.8823121419406509,
    0.17422187816574408,
    0.45233508110609044,
    0.23957673328809526,
    0.8685456169230557,
    0.949642745798528,
    0.9801766099554241,
    0.7518479080973912,
    0.2520104312351502,
    0.4583438109758273,
    0.021651851726688487,
    0.8400903974806344,
    0.10410301621384932,
    0.7516462041090758,
    0.5136549055676396,
    0.623725794123901,
    0.15524624890761096,
    0.4096414500380664,
    0.6270599267983852,
    0.20241109636441912,
    0.23112695536313677,
    0.47825351342888667,
    0.5925481960301445,
    0.7633319665562959,
    0.5177445703410561,
    0.03038703810147514,
    0.902720651507962,
    0.1439564179307663,
    0.7123543466085426,
    0.8229220417982156,
    0.9309843355129437,
    0.1281774042574204,
    0.5706516130106194,
    0.4196763386077744,
    0.21504209473071567,
    0.5045239952376075,
    0.11963341742646205,
    0.6330846283031846,
    0.06035756782079971,
    0.2651123721546331,
    0.9960320375862164,
    0.08179833362929467,
    0.36418714970106725,
    0.5638715165525975,
    0.6117220511069527,
    0.48859034292583203,
    0.9305628001511139,
    0.2701039486157134,
    0.09015951665335553,
    0.9509816241652247,
    0.2789858432857607,
    0.008395973138094814,
    0.5766953186404231,
    0.9506550749392318,
    0.783673396138816,
    0.8332349140122592,
    0.7157388899449252,
    0.25871888408275845,
    0.36206610990745935,
    0.24715044847316314,
    0.12376539448546287,
    0.5381770353459191,
    0.30113779981622424,
    0.8601000490148871,
    0.173482538749537,
    0.03450704048292297,
    0.19418901600717253,
    0.9762404226592999,
    0.19552817553588764,
    0.9623979085712031,
    0.09556881389121863,
    0.8498012218674069,
    0.8797148741700251,
    0.7818820731661751,
    0.03993115942053593,
    0.8176992126881822,
    0.07125184656132644,
    0.4044627587954621,
    0.10015017612409627,
    0.9337787414632716,
    0.806034557868842,
    0.16975898798525257,
    0.5086968609570287,
    0.5340695781180187,
    0.22163182981756524,
    0.23399360312710027,
    0.6098808842919542,
    0.7700713560263963,
    0.62553390337453,
    0.45379065859242484,
    0.5114202834629732,
    0.9455674085034955,
    0.9791555992967719,
    0.023607806849067603,
    0.5346787793938959
  ]
}