{
  "iteration": 103,
  "timestamp": "2025-10-05T00:30:49.295814",
  "pid": 43830,
  "random_data": [
    0.15605751410207735,
    0.6907712134422357,
    0.1931351210866763,
    0.8978951374224783,
    0.621292798219681,
    0.456164277231096,
    0.8817849299184303,
    0.9818138436196739,
    0.5958320059826253,
    0.31408166421977757,
    0.9666169492580223,
    0.31075809350227945,
    0.6236663747453339,
    0.24574009827282572,
    0.09892297611627432,
    0.39244717862454637,
    0.20929685962596756,
    0.10144216450910559,
    0.029898429150611472,
    0.5460718507238465,
    0.22679559752991008,
    0.8754950183892678,
    0.07412958679775028,
    0.5692732552033518,
    0.4715593937331075,
    0.31329800133422414,
    0.4424181081817925,
    0.38925153500675935,
    0.3071522813947535,
    0.6162261093211849,
    0.41431956040974216,
    0.15319255176712743,
    0.10170140935326333,
    0.28632217415438843,
    0.3817230897232221,
    0.07346294583567758,
    0.7451203140413781,
    0.5708746594708114,
    0.17952599113398748,
    0.652943179348018,
    0.8945365721531242,
    0.6147709093609975,
    0.2232598189382332,
    0.6583593602874945,
    0.06458042848129775,
    0.03044138877955682,
    0.8390571035473023,
    0.6510390045625813,
    0.271315710862439,
    0.4467467929988942,
    0.13565410104322106,
    0.8931249823549232,
    0.9633107178948122,
    0.14019872360803076,
    0.9334752593163307,
    0.09896138083593398,
    0.5512507421042463,
    0.01861881621278194,
    0.20466571491672036,
    0.28272941828599707,
    0.5398392779928622,
    0.5728758356765288,
    0.7167181351856144,
    0.5396751051731975,
    0.9429412683016594,
    0.2393498883557893,
    0.3873185868267087,
    0.6908373811958434,
    0.42573279175829715,
    0.5610441627889117,
    0.5087910515437922,
    0.08946259242606092,
    0.49379906854583366,
    0.8892649221677528,
    0.6766852249646222,
    0.7521748481918218,
    0.6605809112525846,
    0.2449442680416044,
    0.8167312275265688,
    0.2445731671405642,
    0.43268741167341596,
    0.8588290632494523,
    0.9362303675118672,
    0.18852152341610573,
    0.7241692696777318,
    0.07359294279833029,
    0.2648753065108056,
    0.5326077657203996,
    0.14715133797336977,
    0.40065409061174095,
    0.8217108983124569,
    0.2765399314342538,
    0.3481961501640155,
    0.13205956729590218,
    0.01304308340796212,
    0.5117375826202292,
    0.8767921558560086,
    0.5024070169175294,
    0.1560346742891202,
    0.3417454613371087
  ]
}