{
  "iteration": 143,
  "timestamp": "2025-10-05T00:32:14.664953",
  "pid": 43830,
  "random_data": [
    0.36370436510488413,
    0.7677628088927411,
    0.011602727106002741,
    0.9259980936215236,
    0.6772515690564491,
    0.3709947739911057,
    0.9532253152196895,
    0.4361211495043342,
    0.6848045232581567,
    0.06956668759563522,
    0.008036379529733573,
    0.8536278108313501,
    0.9964541931413684,
    0.7904603981927095,
    0.4815386096483838,
    0.6208441526261727,
    0.6053133237626345,
    0.4988923053866309,
    0.37343934625376884,
    0.723430730861451,
    0.9392491057750864,
    0.5702989878131897,
    0.9750795721958083,
    0.4983966481381066,
    0.8283586580550016,
    0.9468753775841376,
    0.7450507110576585,
    0.15743505374274236,
    0.5165086784569884,
    0.945920505485528,
    0.8836863950128134,
    0.9461960113781831,
    0.5427535035269537,
    0.7210107192062296,
    0.21687541381318798,
    0.4387730758063393,
    0.7021423078253378,
    0.4203706073342085,
    0.06184943072446081,
    0.5777701455609746,
    0.22736761749532386,
    0.024212234880655825,
    0.4477352913096778,
    0.5258365979013803,
    0.5571938745200715,
    0.1742562368099705,
    0.7137793532127442,
    0.24295819736241964,
    0.5189294008553385,
    0.11306665185104592,
    0.4824383052260227,
    0.8526425244727014,
    0.6098148902819703,
    0.17786466891706687,
    0.569196628498052,
    0.24748685321876962,
    0.3242041867286962,
    0.05560218962421126,
    0.6343876371730572,
    0.09474766362530151,
    0.6006829445462332,
    0.990120041702108,
    0.8024527739632503,
    0.6171876644722482,
    0.9070032294513862,
    0.0451921618059683,
    0.5843918059457389,
    0.6270516842745795,
    0.9164673279249462,
    0.9168960645801828,
    0.955555746275105,
    0.6181923780555928,
    0.7343288813202958,
    0.3370420525101472,
    0.08001998006106636,
    0.5262701147089596,
    0.423583129147333,
    0.17424447556709421,
    0.5849334582474571,
    0.5201353724144409,
    0.9544376140366208,
    0.7425016483540456,
    0.7339372673870729,
    0.38209126111080927,
    0.19867927308636602,
    0.0846312054551066,
    0.37905040202941886,
    0.13964142418854641,
    0.872126741243561,
    0.7614937083183309,
    0.8812769261482594,
    0.20132126119461968,
    0.02401618390411353,
    0.9180547304693336,
    0.11948008818807332,
    0.821009686320481,
    0.9880470056295569,
    0.6758184597040037,
    0.18283351940277237,
    0.5740428996626789
  ]
}