{
  "iteration": 184,
  "timestamp": "2025-10-05T00:33:36.636404",
  "pid": 43830,
  "random_data": [
    0.29201779464232736,
    0.01079795082308499,
    0.6567399178133762,
    0.13411366915576806,
    0.9889259843886598,
    0.8093915758482583,
    0.39311733897652534,
    0.3676853687932723,
    0.8917365515737278,
    0.4893225682413408,
    0.15563307682096672,
    0.14101700300650943,
    0.4137534117005556,
    0.46759723331007974,
    0.4540116868351418,
    0.42658813267441975,
    0.6489603698267364,
    0.18353065199828866,
    0.2986371556595535,
    0.6464578985046043,
    0.40948645449261756,
    0.32100733107208923,
    0.39837222931188654,
    0.5206571902520354,
    0.2285434498458725,
    0.9702980652572766,
    0.9613722780506042,
    0.8958089014544615,
    0.292955555295222,
    0.05416800657052834,
    0.0026421333083133103,
    0.6149386815889384,
    0.4743524039375374,
    0.6958263467389135,
    0.9851788265028555,
    0.3954711998208782,
    0.45603145631354436,
    0.4798936243091587,
    0.913781127755138,
    0.15745695939230242,
    0.7605355416835281,
    0.45422952456020194,
    0.7182996312419153,
    0.7096626103318888,
    0.010278390974330143,
    0.1403644357746946,
    0.9956354414459823,
    0.052805492309053514,
    0.38381067813499536,
    0.41331252333934665,
    0.3808013236895118,
    0.36159029226459005,
    0.15696967891645464,
    0.29939643448808306,
    0.22827456399308133,
    0.3121421499354907,
    0.4049730310623565,
    0.45933755829175116,
    0.20179261701721551,
    0.0849334365575195,
    0.4300691706561478,
    0.08477418252318047,
    0.4705933324574414,
    0.48418512095749755,
    0.7689033694440509,
    0.6323217442501877,
    0.6682485503445141,
    0.8498591913827366,
    0.40407528552391203,
    0.5418410358152982,
    0.1185753493588132,
    0.28890157326543386,
    0.9898490646596996,
    0.37530008288011707,
    0.9252040335486221,
    0.950664029715668,
    0.6204953327337523,
    0.5814906407297531,
    0.7490403013126818,
    0.3405751798556148,
    0.2761299689103256,
    0.02086290252733025,
    0.18855126744885686,
    0.08564389712887943,
    0.8291700842792998,
    0.6989929786252485,
    0.34584583663777935,
    0.9087282190253306,
    0.17493469821700702,
    0.021753694254082134,
    0.5535318622088582,
    0.4415815565379837,
    0.7775829583232242,
    0.4722680520824031,
    0.05445239691436088,
    0.9369907555286944,
    0.7934389339275212,
    0.23259208367815387,
    0.05348140204720131,
    0.07680963720571954
  ]
}