{
  "iteration": 189,
  "timestamp": "2025-10-05T00:33:49.456057",
  "pid": 43830,
  "random_data": [
    0.9952642985504334,
    0.3012488610491555,
    0.12227947660453853,
    0.3572998773322117,
    0.7782277667551024,
    0.9466275060061031,
    0.6322267087036566,
    0.23314154768881612,
    0.03168788248881027,
    0.5887317193424962,
    0.4144393694202254,
    0.34578940879385334,
    0.6029044397559095,
    0.9046768188157522,
    0.5143916243988527,
    0.3602335561036315,
    0.5032548284991977,
    0.6296099293814794,
    0.8877174470024644,
    0.017418308785697167,
    0.054430821103136795,
    0.8619382365604387,
    0.17698214523399913,
    0.7344905521943256,
    0.2225120534673285,
    0.3022901088595804,
    0.06701115224675369,
    0.7246287257423971,
    0.27497597419817055,
    0.5237806344596984,
    0.3228717765616861,
    0.8977990941070639,
    0.83487658637204,
    0.9491424147713096,
    0.5295023327070877,
    0.04709836805113188,
    0.11004146566194495,
    0.23083410926825532,
    0.6514532016227268,
    0.5211807818307409,
    0.5136725690941977,
    0.470291830771259,
    0.46020477522146086,
    0.07839741611486772,
    0.8759905387320243,
    0.42147958761587745,
    0.2771963634750978,
    0.2973692190909959,
    0.8625562543454581,
    0.6750673448505936,
    0.14250448800232351,
    0.09638214281647584,
    0.7991281756108809,
    0.5351282759119405,
    0.07088911491212802,
    0.5861481804826517,
    0.9076496631860366,
    0.04155583313724154,
    0.2211513157839916,
    0.4361195516645622,
    0.3050770225024959,
    0.6510715561216491,
    0.014454115047611737,
    0.11403254665263307,
    0.911549996246271,
    0.15799636802281736,
    0.46784088658774636,
    0.596032779223755,
    0.031040665446119386,
    0.12980737702991363,
    0.9559088638211044,
    0.9505333245982736,
    0.8271803729678067,
    0.3041221209914352,
    0.23650788957285362,
    0.6834663364923333,
    0.5625830720920854,
    0.841377206641186,
    0.42549898507258443,
    0.9268962944321218,
    0.5236400002420075,
    0.044168804475317014,
    0.631350303723156,
    0.9857401362421729,
    0.8975107506341302,
    0.3493398385719194,
    0.25007391166680204,
    0.07329960180809392,
    0.5781433236542183,
    0.2566956187000238,
    0.6403284390666261,
    0.4755143487597274,
    0.7629505148290725,
    0.9764169836206674,
    0.06314310923516209,
    0.8901364692842609,
    0.03191393613474125,
    0.15796345724567906,
    0.8852465171579496,
    0.5376230469771848
  ]
}