{
  "iteration": 114,
  "timestamp": "2025-10-05T00:31:10.958089",
  "pid": 43830,
  "random_data": [
    0.07146184875089368,
    0.912706824611369,
    0.2417743761851221,
    0.14325988204417384,
    0.7731565240962405,
    0.4241096964598591,
    0.7604276896349236,
    0.250863289994925,
    0.830345371224388,
    0.4985131786553578,
    0.5337639001825076,
    0.5129819042118976,
    0.6691739857375867,
    0.273044668656203,
    0.6059199545576396,
    0.8864233740398351,
    0.6628659320604532,
    0.9136373831100035,
    0.8045867117097404,
    0.6898055822554884,
    0.19234447385566744,
    0.1451819206914009,
    0.25448694803238614,
    0.20229573907346154,
    0.6834577744335867,
    0.749295195726826,
    0.6202368278184313,
    0.892059456765723,
    0.6110492353363889,
    0.314888597012294,
    0.2729414685561191,
    0.7178161544123799,
    0.011645627090640542,
    0.3190816926254426,
    0.7046988070714243,
    0.5810557488452524,
    0.038458728906284545,
    0.8547074720487069,
    0.07209909674454973,
    0.30257455901678987,
    0.021116934401185783,
    0.9509551480521444,
    0.8814962981989365,
    0.39021436545552435,
    0.12172750650106612,
    0.16927888112785583,
    0.7117922744029462,
    0.4990455622804484,
    0.3469978076633615,
    0.9896364325396966,
    0.2320316617318342,
    0.6990071590861018,
    0.4492863395257235,
    0.49560520209617887,
    0.07942840799615991,
    0.9953296746012897,
    0.9890819063302476,
    0.8096209952242343,
    0.6212453785302081,
    0.9908889908906058,
    0.7820677650332475,
    0.2841231303539621,
    0.04313823316458232,
    0.3024974002783991,
    0.03527105451453083,
    0.6252023034989206,
    0.5693811953448891,
    0.625865190796456,
    0.8864843900631447,
    0.4538184153856818,
    0.5002901086203032,
    0.7483199883321302,
    0.2060529100820352,
    0.7110814965982785,
    0.3205124976418955,
    0.9297543825299618,
    0.5402080691220658,
    0.2920350334080497,
    0.6383053861522516,
    0.7327531324428722,
    0.9100796671549485,
    0.019111360724499815,
    0.19172992211216744,
    0.13511137093762904,
    0.17469087644085157,
    0.8449222807468855,
    0.056159660505504916,
    0.8982286184632153,
    0.9562876893794132,
    0.21719339189886688,
    0.7415842062024688,
    0.33988506211939085,
    0.843275237722702,
    0.44035997240850866,
    0.5665193879831442,
    0.9877450373396368,
    0.16634202681295351,
    0.3149919315572175,
    0.5258051735208552,
    0.07345636155039592
  ]
}