{
  "iteration": 116,
  "timestamp": "2025-10-05T00:31:15.254217",
  "pid": 43830,
  "random_data": [
    0.7312825136794784,
    0.9870169325940826,
    0.02820005293468897,
    0.36498144475677374,
    0.6095872778676718,
    0.06685164165359991,
    0.6647360909288834,
    0.11275612053643402,
    0.40974916755184543,
    0.7775096958673285,
    0.554954016189951,
    0.676117230319907,
    0.40835755248882477,
    0.8790460578177418,
    0.20831988091181586,
    0.8289788202978088,
    0.2583570624076713,
    0.20707309100360505,
    0.6191240390759734,
    0.8012838131927247,
    0.5163836217335308,
    0.6012071637404196,
    0.0704876855431592,
    0.7163862210467075,
    0.2798291883471288,
    0.9037635934688164,
    0.11007571549788153,
    0.7652374805729143,
    0.5342943010726875,
    0.3704056877960922,
    0.828629022543214,
    0.5325274808066063,
    0.05851186821508192,
    0.05957895745041397,
    0.5406372157791401,
    0.010688463402896309,
    0.09490270609542428,
    0.1605921624928851,
    0.05642048223409302,
    0.6505107812603124,
    0.6787452756157236,
    0.5589599212672671,
    0.1028583884540426,
    0.3143133649607347,
    0.5301590908895009,
    0.9452112820781328,
    0.4717753047678064,
    0.9766532981613146,
    0.04308056525141901,
    0.8986630460453509,
    0.27422652064440867,
    0.5294481800655763,
    0.48313139679175954,
    0.8545813767031625,
    0.451467241671336,
    0.9666497999448738,
    0.25665719710636004,
    0.11398553550113621,
    0.8668574173980585,
    0.2111887283343047,
    0.15415583987957104,
    0.4961980141115503,
    0.3188235893576692,
    0.12152660696549655,
    0.7301032799270227,
    0.7143482172825225,
    0.002238960098878473,
    0.9763149630085557,
    0.6602210464450147,
    0.1572886293522281,
    0.47446352538929815,
    0.2745033533410005,
    0.7007914056797837,
    0.17630605529487042,
    0.61282843204116,
    0.702945883294713,
    0.32427856787320464,
    0.4132169537486202,
    0.6110025756502135,
    0.9177027732334275,
    0.933057943652282,
    0.8021034148876535,
    0.2647750185648561,
    0.8377106125799382,
    0.5676993585931589,
    0.7607909694725116,
    0.0581736320239129,
    0.9932830943269056,
    0.8585208082842862,
    0.29425857421496626,
    0.04911620798292693,
    0.08409661112312328,
    0.5929232421660533,
    0.5053691683083384,
    0.534637110929447,
    0.2548599876157086,
    0.9248128461306123,
    0.25664907544939186,
    0.029368982809675925,
    0.2044126720537245
  ]
}