{
  "iteration": 72,
  "timestamp": "2025-10-05T00:29:43.768098",
  "pid": 43830,
  "random_data": [
    0.5479027220811762,
    0.7445145030060041,
    0.5238741229071475,
    0.022689237840396448,
    0.16583618942900624,
    0.8164192503123915,
    0.7734009283097302,
    0.5588314192999163,
    0.5384544821935203,
    0.9666866084267468,
    0.7783114335662574,
    0.06422110275745085,
    0.5711182776637829,
    0.32850636964595015,
    0.7734452892296657,
    0.34212036260711887,
    0.7025375702596535,
    0.026077994182542974,
    0.8187175326996002,
    0.5380049244973549,
    0.590810270422338,
    0.34969838434969147,
    0.7406043410111994,
    0.4782704183664822,
    0.8187336866748772,
    0.33275925008645135,
    0.1754989317965755,
    0.7383045561909348,
    0.6418752496749882,
    0.9469501782406236,
    0.3052850870531074,
    0.44747855239109646,
    0.3946800151971088,
    0.7473551637315706,
    0.6780133389679283,
    0.9554464957265398,
    0.5356745273313427,
    0.7159358903521126,
    0.8847133002259875,
    0.1404650331670062,
    0.8872800818147579,
    0.7913724066815735,
    0.5723393648810337,
    0.6162789811534892,
    0.7082184581337199,
    0.9974147902556075,
    0.10053563768530993,
    0.6044933223464297,
    0.17546866047640286,
    0.6704840698578399,
    0.05061058211060865,
    0.3544657318014205,
    0.5971035143022014,
    0.31237834908485607,
    0.6009616322129047,
    0.3469209025532086,
    0.36069584479920147,
    0.7569505922704497,
    0.8584387602279288,
    0.958502157348551,
    0.3362147911490263,
    0.5027079789568677,
    0.017541787046220336,
    0.9765770389322104,
    0.7973310048799657,
    0.13364244182469498,
    0.3391286035222223,
    0.8509504835068264,
    0.9361778975733948,
    0.17712569597460426,
    0.6906395146242557,
    0.4384455624995579,
    0.11176731741408263,
    0.433057955513774,
    0.18900517184195353,
    0.6507521334023723,
    0.10170540120146798,
    0.5756814231851753,
    0.5101931974124736,
    0.3956913113560878,
    0.360936791003994,
    0.5186696170621746,
    0.6659965522560212,
    0.9885730998620647,
    0.5387215784900108,
    0.7555655975402166,
    0.5969151642451306,
    0.7668462172712428,
    0.5358382020630233,
    0.8599709964953922,
    0.7679976444123391,
    0.49674074853942474,
    0.27196753922099004,
    0.9340171861777384,
    0.5792026209571224,
    0.91421351987463,
    0.19471225598155617,
    0.7475354427784677,
    0.8956817640592587,
    0.7816621470165335
  ]
}