{
  "iteration": 190,
  "timestamp": "2025-10-05T00:33:51.715265",
  "pid": 43830,
  "random_data": [
    0.3711360574159487,
    0.5425887090553339,
    0.5614621822987097,
    0.563252673437902,
    0.27947544799250945,
    0.5989943336429826,
    0.8762409921998827,
    0.815675195763842,
    0.16154271485498284,
    0.2390346617571666,
    0.6082709279571129,
    0.849511967408097,
    0.8524371845579556,
    0.3543965716276285,
    0.4689404458216696,
    0.7047786560997154,
    0.004217057610860997,
    0.7090262515509742,
    8.74329226970838e-05,
    0.8284759353860618,
    0.015206626056109673,
    0.6064821870217616,
    0.29865473420967126,
    0.4599172577530797,
    0.9890509473033173,
    0.022644553905811438,
    0.10330383819013,
    0.23980231719722478,
    0.44412537278102804,
    0.6037729387616305,
    0.3081671779689512,
    0.834700102004674,
    0.7208003623523169,
    0.6176039381063413,
    0.5023604832690937,
    0.44689167069380564,
    0.48562044827607875,
    0.4059993756961304,
    0.3874538092193831,
    0.31373425450016335,
    0.6015805568020024,
    0.7590073492752624,
    0.29468417288803017,
    0.359954454385063,
    0.10001711925604062,
    0.4573099516373238,
    0.4119391167828622,
    0.7826963315144694,
    0.4669745854557703,
    0.6545671982507963,
    0.781297271275471,
    0.7883205220711647,
    0.9477348234135933,
    0.09886523484782384,
    0.1662783772937344,
    0.054199325626904105,
    0.1517295969477085,
    0.062018535827371046,
    0.8242624265091624,
    0.6628251190037096,
    0.6005683986861075,
    0.4885143877097654,
    0.4916350390653046,
    0.4865195209972769,
    0.7051605290487624,
    0.9465112364838927,
    0.829334845696394,
    0.6734085360898308,
    0.643256439205322,
    0.9241499746678674,
    0.20976555046873435,
    0.6366385076607443,
    0.484715481277854,
    0.33119451321496063,
    0.7313139043106347,
    0.25470007132336203,
    0.4223019132050905,
    0.7435331144982811,
    0.17852424839491243,
    0.5446166418929658,
    0.6974978628579299,
    0.23108573847540737,
    0.6417877566411958,
    0.7023255789475962,
    0.20752793323807017,
    0.25762319073260487,
    0.05702277113714804,
    0.28395597067916034,
    0.561793175259428,
    0.8136702594742499,
    0.610241959676744,
    0.6185728215456533,
    0.7113245401545836,
    0.5069505033504883,
    0.770538393532462,
    0.856502974921447,
    0.1591068644191015,
    0.3289387863774438,
    0.41034410060826965,
    0.15525446741040183
  ]
}