{
  "iteration": 192,
  "timestamp": "2025-10-05T00:33:56.165644",
  "pid": 43830,
  "random_data": [
    0.40866702986740955,
    0.8792665018051024,
    0.8545587891661544,
    0.7163070285890666,
    0.8180222258860055,
    0.27943770123472167,
    0.43886672828305684,
    0.014670822624923363,
    0.5110156042909816,
    0.17497204176288994,
    0.2726765142377242,
    0.20138407290373395,
    0.3011349228276734,
    0.15096234444771228,
    0.5071539762329843,
    0.3584756115568405,
    0.16253344048536078,
    0.9042132736165869,
    0.5263176920788305,
    0.5261531117836024,
    0.4825165583478308,
    0.3880732696430387,
    0.2473841423699551,
    0.05691300882235206,
    0.597909589250311,
    0.08649094973951565,
    0.645499697777009,
    0.1207917076883569,
    0.6129316019449593,
    0.9641079543359663,
    0.2778338163495362,
    0.12720389291821377,
    0.6274179470115095,
    0.8371948420362301,
    0.7902317782663901,
    0.09966905874075438,
    0.8733656310707298,
    0.8360002699815771,
    0.6755971786880343,
    0.9551228143147434,
    0.1916154809293561,
    0.7048626849241744,
    0.0025368603424849034,
    0.8893412599760847,
    0.7177416186833027,
    0.610297030310818,
    0.7343111888942488,
    0.06027214366706868,
    0.9531200296956068,
    0.9405180309294091,
    0.7046951016249388,
    0.2435896264719699,
    0.7750266810247075,
    0.3153787280691417,
    0.8518564543940826,
    0.3987724763943512,
    0.3609508095114028,
    0.5105284325656014,
    0.319862568126125,
    0.25635903159709794,
    0.6433166814990252,
    0.2327551289997073,
    0.2131259539142435,
    0.9132724809383395,
    0.0585989183599217,
    0.6160886613630862,
    0.20276462218146318,
    0.24901398312822287,
    0.8403018277910865,
    0.6615264240771449,
    0.3089369158419558,
    0.21072424233523646,
    0.3506906355213477,
    0.045816415357978535,
    0.45153879510708417,
    0.9860089241492043,
    0.8838361503476048,
    0.9001061496866083,
    0.2833345895409525,
    0.8027261619419768,
    0.5674799784237234,
    0.68001896856407,
    0.579823189554235,
    0.030466910948931947,
    0.31995326167332017,
    0.17408694831093108,
    0.6089474147225257,
    0.5434230614080626,
    0.044889627544496546,
    0.40428653248163127,
    0.455838192961589,
    0.28721993904833043,
    0.6221695416119482,
    0.000811538613743501,
    0.44756237019839595,
    0.5704699262944479,
    0.35651638961456356,
    0.44858663151497147,
    0.32309336805856625,
    0.9610487142514886
  ]
}