{
  "iteration": 159,
  "timestamp": "2025-10-05T00:32:49.437503",
  "pid": 43830,
  "random_data": [
    0.2734512204450331,
    0.6761805547734946,
    0.5534322076317767,
    0.016755182401509083,
    0.2003405246193356,
    0.38329902663832416,
    0.5557851438365362,
    0.406055270549623,
    0.6641851163376556,
    0.9544722491761011,
    0.4071978641366616,
    0.8207803292245999,
    0.9498164430919309,
    0.9837071297920703,
    0.8661083915643804,
    0.30386352127723004,
    0.36316741895678495,
    0.8804005655937496,
    0.8575063770978765,
    0.46547074121949683,
    0.2880366984892726,
    0.23148283129344405,
    0.5296917427071104,
    0.8555521680930674,
    0.44550316885504737,
    0.778296667075758,
    0.9933837033746167,
    0.12252039164250539,
    0.02326170815885109,
    0.25536956909181197,
    0.7424690311697476,
    0.1665873492125325,
    0.9023637150356546,
    0.2616876256215882,
    0.14447061794534677,
    0.3601159882867031,
    0.10543412820820508,
    0.42511043740543275,
    0.9233466762625939,
    0.8408699708900689,
    0.7342842293382199,
    0.7514942764791589,
    0.20192298759725757,
    0.8172783776333288,
    0.3773843186133883,
    0.6251870420244037,
    0.29764222444112565,
    0.31709813372209295,
    0.42212097852770447,
    0.16154702931090026,
    0.02696281506184217,
    0.8429172992322244,
    0.9632989229571279,
    0.3533321095505757,
    0.47451500655011936,
    0.1654968401332657,
    0.21845534045387893,
    0.43326030483554523,
    0.5977576990969427,
    0.28298536313474143,
    0.9524291756624195,
    0.6234504125874857,
    0.7480198332061325,
    0.5094610680534394,
    0.42684061944614504,
    0.6768537348052048,
    0.949132193473165,
    0.23856872346512248,
    0.41666105191678837,
    0.7457024174441665,
    0.7730123949675755,
    0.6717876771095982,
    0.5372357181583668,
    0.28234803706294087,
    0.21524083385653348,
    0.6466128066749659,
    0.16856586269781548,
    0.5296911166524354,
    0.652123714046506,
    0.3090679324880691,
    0.07968930619065662,
    0.9894942443920155,
    0.40122962901718606,
    0.2934651457465728,
    0.7350881581678272,
    0.635064210504774,
    0.7295817162587485,
    0.8705378256960182,
    0.6748582000288571,
    0.0645348881366945,
    0.8743695496037088,
    0.03601075388193753,
    0.6969987327788734,
    0.7667574546538468,
    0.1948024981963774,
    0.9980118615470083,
    0.23679546254640194,
    0.7023405616106883,
    0.2621374887345277,
    0.7093382318046535
  ]
}