{
  "iteration": 191,
  "timestamp": "2025-10-05T00:33:54.553529",
  "pid": 43830,
  "random_data": [
    0.1264176594227977,
    0.7735546489349616,
    0.5345747590739717,
    0.6200450161216922,
    0.2863534089332924,
    0.20144437052607245,
    0.3225800526184488,
    0.25849178523915584,
    0.4409590715870303,
    0.614089600851328,
    0.774553473617171,
    0.7021181817900062,
    0.7777777285842419,
    0.32393211892997253,
    0.5206138035764152,
    0.8725127243831332,
    0.7148041471583839,
    0.377215611060015,
    0.6602591737520712,
    0.6392400344631192,
    0.9032048539440305,
    0.9387782707356643,
    0.14446962015692033,
    0.981806431816038,
    0.6185946058075769,
    0.69202096292796,
    0.6120314593566348,
    0.9762584110004124,
    0.899832478953208,
    0.4095455832552414,
    0.4692009630967171,
    0.382667179944126,
    0.6835206724321127,
    0.876024123053175,
    0.3859715167779959,
    0.2501484037379538,
    0.1593123895438292,
    0.818604384568035,
    0.7422902452081636,
    0.09623783876799452,
    0.6582382918006799,
    0.12236200601259184,
    0.47959317455647665,
    0.9602342815009387,
    0.1791143999617747,
    0.9522784249619946,
    0.9398292619330555,
    0.7309363846860807,
    0.3851386938946443,
    0.22728236728809925,
    0.16939810962058244,
    0.6407608023860655,
    0.5430040247714071,
    0.10013632310498854,
    0.5354528222911017,
    0.5428627080748177,
    0.01044633872210432,
    0.1670243279333401,
    0.33534251694609074,
    0.8759394731800749,
    0.4161964241949272,
    0.3851358108169326,
    0.028454284747504333,
    0.5872310161091926,
    0.5536502299160239,
    0.5098109133063998,
    0.9048296920015946,
    0.38235208790806974,
    0.974787466313469,
    0.19279534777129526,
    0.21921473359436805,
    0.030000332888501013,
    0.18307129786558696,
    0.5849818564379242,
    0.9792692106564987,
    0.2346187708590025,
    0.6500929679332836,
    0.47634728986961994,
    0.2299162594936417,
    0.5148481366775502,
    0.6432239626622667,
    0.8232702093994888,
    0.8636515140902686,
    0.37675692500472613,
    0.7570581806779918,
    0.9781688595225345,
    0.4290096974797988,
    0.36939604486527233,
    0.815132396133362,
    0.8694371462581163,
    0.7892310442524135,
    0.15416187345243104,
    0.3329071416791922,
    0.11676877904471461,
    0.7859752339200123,
    0.5351711598806989,
    0.5984531085597147,
    0.32661879417016715,
    0.648660685262754,
    0.3020157053828939
  ]
}