{
  "iteration": 206,
  "timestamp": "2025-10-05T00:34:18.640200",
  "pid": 43830,
  "random_data": [
    0.19135805698439412,
    0.9100799638181721,
    0.054383615123484774,
    0.9345430728720331,
    0.28343869911471864,
    0.6724216194156286,
    0.46209659624728816,
    0.8795877404531736,
    0.9841915630448942,
    0.9271204215017572,
    0.07240335391425856,
    0.04574559753018237,
    0.22597793797535182,
    0.7751417263866305,
    0.8867717325661748,
    0.24976198007724804,
    0.8239407832457937,
    0.5733167367618349,
    0.04973903852635875,
    0.8057865398474573,
    0.02037670476208142,
    0.4756096721681331,
    0.621987164146663,
    0.4984972687360224,
    0.13713732653093014,
    0.602848385040117,
    0.7086242473157278,
    0.6375093769040939,
    0.7301184929098933,
    0.15152875264500687,
    0.3793130603563015,
    0.8869004274606125,
    0.5132592525427498,
    0.12181755234973812,
    0.6354517598834366,
    0.2678340297795956,
    0.3367709381202866,
    0.6747827389353325,
    0.5799322190225858,
    0.029066277722272105,
    0.7336034853933591,
    0.4868982960876258,
    0.9145817630269815,
    0.35310601054517965,
    0.7917365160254405,
    0.8640907162007977,
    0.7409234169473894,
    0.4032037927109069,
    0.8383066620895973,
    0.43189148961608315,
    0.44973738825785836,
    0.3674243884632996,
    0.4981399265448281,
    0.7408827231890657,
    0.0001751801449043633,
    0.4426934467086956,
    0.9856405367404515,
    0.5819536905462721,
    0.2808190281997963,
    0.9198598096435258,
    0.3366315038346298,
    0.6806634694591801,
    0.05878120147615962,
    0.25964135977095015,
    0.8665345923535394,
    0.2235115726011646,
    0.6745632536525444,
    0.3690042131388631,
    0.26453835599432984,
    0.6257737425377348,
    0.542902783944404,
    0.09967962910472572,
    0.374715044888399,
    0.38390394499249647,
    0.4998690768278715,
    0.7442363294319756,
    0.5706776825003311,
    0.8167890584462626,
    0.42884742203495674,
    0.6052548933711815,
    0.19693628252814332,
    0.2587471827957287,
    0.5739709387112332,
    0.618560243374016,
    0.9202468518176284,
    0.637948037868286,
    0.6869883600618967,
    0.5844866363869565,
    0.24057857289093532,
    0.4565072892280331,
    0.7200821019914377,
    0.5344783130388989,
    0.16764410180732958,
    0.9287595003908437,
    0.2980381617663297,
    0.20532670806673237,
    0.15176405923865866,
    0.28498842021312887,
    0.6892674707461025,
    0.5856853044937291
  ]
}