{
  "iteration": 201,
  "timestamp": "2025-10-05T00:34:10.144266",
  "pid": 43830,
  "random_data": [
    0.3400667242907328,
    0.24918754783140218,
    0.5352505064645954,
    0.7776747265213584,
    0.16587747485145643,
    0.8607115513367554,
    0.35080245978009417,
    0.03935551337359433,
    0.45975561199820236,
    0.20786794456862867,
    0.8302337247067103,
    0.8886453275275431,
    0.38952211361724687,
    0.9205452910518749,
    0.40284336854850566,
    0.042106749087471695,
    0.6368979182832315,
    0.4273275819534529,
    0.36195821020668806,
    0.14257650439402025,
    0.5813621542020967,
    0.27003487689101213,
    0.6179237244660133,
    0.9158537878192389,
    0.7246847750735417,
    0.16887269114391057,
    0.7134132328889976,
    0.39183623867500794,
    0.3954212605912394,
    0.7626555085624519,
    0.0828716296828923,
    0.5307871552024784,
    0.14315959334185135,
    0.415316725123574,
    0.06859074919417907,
    0.8851250907758016,
    0.38651659171493624,
    0.02813253120496617,
    0.17524318816086049,
    0.34762907056149495,
    0.8872319972620688,
    0.20670041895230873,
    0.30719452232692657,
    0.6601441041440901,
    0.04987951653729361,
    0.9047101255273867,
    0.5472579430514626,
    0.47383703710437663,
    0.6186604369792477,
    0.08856738243638995,
    0.18104526459298576,
    0.9781377133227754,
    0.010457622260658495,
    0.12794217383832152,
    0.13701153574772673,
    0.12285341181285103,
    0.12343722626920617,
    0.2027453466433733,
    0.24877054540637356,
    0.0383389416467369,
    0.7900502425083397,
    0.7172319434111942,
    0.937911489785678,
    0.7668551373061553,
    0.6147093140403882,
    0.7286315154240961,
    0.7641828882834637,
    0.36127099503510784,
    0.9750375462148315,
    0.09792755818603849,
    0.4856644483235273,
    0.1684966171604234,
    0.9861227742968031,
    0.9534664125370312,
    0.5341400163078937,
    0.5280901967575803,
    0.5729523701752276,
    0.37678632539513557,
    0.09224306906882396,
    0.24446259749594634,
    0.6303652293727698,
    0.613962594162722,
    0.15891634630404006,
    0.6409866472497144,
    0.1579044323833242,
    0.7075679885396625,
    0.3196752302412904,
    0.7567858728696909,
    0.6262852855260964,
    0.2298070786950599,
    0.46280981829771917,
    0.7789224992037157,
    0.5497171038749595,
    0.10184575640602678,
    0.6107845046568398,
    0.3986817272923776,
    0.37412409993403417,
    0.26068771621787135,
    0.4967967843261769,
    0.8468037501299469
  ]
}