{
  "iteration": 161,
  "timestamp": "2025-10-05T00:32:54.504056",
  "pid": 43830,
  "random_data": [
    0.11006045787723873,
    0.908983246510265,
    0.937705726126396,
    0.8859225921803117,
    0.09936303921111311,
    0.40680794897317696,
    0.403523469155335,
    0.15284778197610738,
    0.000891003406539026,
    0.21808709388372216,
    0.3268720258275375,
    0.4722897695051037,
    0.8271998210585743,
    0.8339820088262188,
    0.9389921807279638,
    0.16915447583826249,
    0.3737277780793845,
    0.13308896737230413,
    0.23152303688359321,
    0.5610724420294931,
    0.11945764634977274,
    0.438788266041239,
    0.916817949495612,
    0.4997735045899253,
    0.4797135368277696,
    0.3895607441855119,
    0.28449732263315575,
    0.10962702442269001,
    0.539588732910979,
    0.33809451601613927,
    0.9916605184262696,
    0.8949818003037596,
    0.25473328683809693,
    0.9920916937197594,
    0.07628681624825584,
    0.2508565138608684,
    0.02651465671618225,
    0.5976084957902559,
    0.8135129541134551,
    0.5070884763490197,
    0.33687267456906456,
    0.022842248280542155,
    0.8289344666517687,
    0.1223106286557526,
    0.48006409012704676,
    0.8188041393004752,
    0.11636076030650055,
    0.12702882029256157,
    0.3102217308390518,
    0.07223806619241191,
    0.4184542311779291,
    0.29941798014804444,
    0.8765201870323025,
    0.3072230302702562,
    0.32147611217639926,
    0.24573403279956918,
    0.4566571664399729,
    0.3142327530261171,
    0.4656234199172673,
    0.22218914644502508,
    0.06377148091037455,
    0.9712700487202032,
    0.5374443027216164,
    0.34812325941563904,
    0.9929825127050326,
    0.4988156288438703,
    0.7322091282846301,
    0.698600287786267,
    0.5701040059640569,
    0.4609692295448743,
    0.7284959188568298,
    0.044364632875688814,
    0.21591823959382128,
    0.44836122868163586,
    0.42036990455400347,
    0.44315237995746315,
    0.4859633981061011,
    0.10379727890311274,
    0.4758590871428857,
    0.17293906035824802,
    0.335217485839704,
    0.015975290770991135,
    0.937192673841389,
    0.9593233788441815,
    0.05878144591401924,
    0.8175515952410071,
    0.021073588820842315,
    0.6375289509611565,
    0.3314919503148822,
    0.32761595074600003,
    0.6058829803545923,
    0.1830116693810504,
    0.5986955405639903,
    0.3963880558524798,
    0.08488240952078385,
    0.12018300515579161,
    0.16079310048721351,
    0.9131158094622202,
    0.05974965408228272,
    0.6944400077592141
  ]
}