{
  "iteration": 129,
  "timestamp": "2025-10-05T00:31:43.451716",
  "pid": 43830,
  "random_data": [
    0.5437752237647738,
    0.5654216016524835,
    0.6182109241697336,
    0.3032595296614248,
    0.13158488984043282,
    0.8218360371642783,
    0.31412253794062095,
    0.8580898327100405,
    0.17321283384368846,
    0.3176639979995274,
    0.03679164389373912,
    0.1818794493897955,
    0.1467130491568338,
    0.26558802378702817,
    0.5854821333212803,
    0.41719193156383627,
    0.25111167539675316,
    0.9321775156507924,
    0.7712944592885548,
    0.9775580714446614,
    0.6546639656457941,
    0.42596192264616795,
    0.5601083246500898,
    0.5615387498033527,
    0.5559976173848189,
    0.7969775575448214,
    0.8951585783861215,
    0.2428717948064092,
    0.10164512723088448,
    0.09724287101335183,
    0.8532473104441786,
    0.26193506080101703,
    0.20755703083147625,
    0.28358094902133435,
    0.5943705725337182,
    0.4596540914566586,
    0.08680298470677883,
    0.9040056305097909,
    0.10729429106129085,
    0.4444204447359943,
    0.33547075319677055,
    0.27242307448396563,
    0.39582015191369946,
    0.489439644232479,
    0.021251891196718664,
    0.03130267257877806,
    0.4966102909360288,
    0.6524986907087911,
    0.19320955153432273,
    0.34848846490243923,
    0.04756464577779207,
    0.031279232653645406,
    0.8435722379569023,
    0.2589309001349278,
    0.05614226163997749,
    0.7323079605182811,
    0.545196885450668,
    0.24841541143540635,
    0.056896906727769925,
    0.40641470052326445,
    0.7996911816438483,
    0.13906037164318907,
    0.9676112745100517,
    0.5960774272054556,
    0.44082908382069697,
    0.993913164875438,
    0.7152903916533977,
    0.9869037895250946,
    0.5602784122956849,
    0.8421790064577847,
    0.9324197978191615,
    0.21341207980142407,
    0.4105926388941411,
    0.9725999601760387,
    0.8954317478729229,
    0.9765215516924445,
    0.0665372244771093,
    0.964306340113806,
    0.6610638079675124,
    0.7522560093113017,
    0.45970790820659024,
    0.019741450881743283,
    0.04381560954679997,
    0.5738388170817481,
    0.9262610501672655,
    0.07633191225762337,
    0.7599223806533523,
    0.7479799670891338,
    0.09796230601448919,
    0.8583850466463543,
    0.5047754338250396,
    0.6865216611116354,
    0.37726824270360637,
    0.20522472694709315,
    0.5847302134552961,
    0.9991135452064369,
    0.5085751797049334,
    0.6443748453397921,
    0.6141527149395536,
    0.741620113433555
  ]
}