{
  "iteration": 194,
  "timestamp": "2025-10-05T00:33:58.525392",
  "pid": 43830,
  "random_data": [
    0.30012422348432166,
    0.9085837050675347,
    0.0009522884385408936,
    0.3576750726372583,
    0.7512627464792708,
    0.7514021463953211,
    0.8593638569701835,
    0.26824121780789234,
    0.5188242231256872,
    0.9645113418268969,
    0.6339666147324324,
    0.22648153133742732,
    0.9264001963585745,
    0.304810066223421,
    0.07006249388030317,
    0.18884425470178012,
    0.5980822161888684,
    0.9264365369347021,
    0.7775749209698704,
    0.538285849329839,
    0.07922349007252905,
    0.0030347767360600075,
    0.5169002769050695,
    0.6821480221219116,
    0.9604425434218287,
    0.04542217173566521,
    0.770393702533157,
    0.3866599556618504,
    0.7157635101517535,
    0.9767681502120837,
    0.797130688394684,
    0.16850007731256533,
    0.10137747322098078,
    0.14729064567020866,
    0.564791753259481,
    0.6699987945133699,
    0.5498826324508835,
    0.07226199564675428,
    0.9875303669863184,
    0.10374441496283948,
    0.48853548622457155,
    0.8084353594586778,
    0.051729864756769994,
    0.4417896767043441,
    0.5674195831943294,
    0.3565702362701556,
    0.5836040148842868,
    0.1377925385315667,
    0.03357401699478213,
    0.404938436986337,
    0.74098928933711,
    0.9541157145301878,
    0.48518219834682597,
    0.9235186572307049,
    0.17468469442755874,
    0.8603826081786886,
    0.5644453667446031,
    0.2582428742114752,
    0.938985452777914,
    0.1573074100448899,
    0.933857831235229,
    0.7269856573504991,
    0.7170705799015676,
    0.8410912469387786,
    0.9240657490091521,
    0.8251352391806909,
    0.7283442880073696,
    0.4615398308793508,
    0.7976350679138096,
    0.0903144206389841,
    0.7955848109682868,
    0.43925547823440847,
    0.5181289293065826,
    0.718203412793339,
    0.04964481381203423,
    0.9360935389514188,
    0.9275483099216586,
    0.4135016803941852,
    0.21809700373571372,
    0.45013298225442067,
    0.02602150906195022,
    0.6675951571065925,
    0.6028248399439617,
    0.974889160381989,
    0.08108701209150959,
    0.9721359447318539,
    0.4322869644125551,
    0.47903884762648563,
    0.9878612831164642,
    0.7304018295909503,
    0.7856028568011943,
    0.980474865798388,
    0.10796910646491786,
    0.8881308952264744,
    0.44200252372658244,
    0.5362145493231167,
    0.1931859487233739,
    0.7228823057489755,
    0.6355128896439557,
    0.08907300245401284
  ]
}