{
  "iteration": 211,
  "timestamp": "2025-10-05T00:34:30.661008",
  "pid": 43830,
  "random_data": [
    0.7224978656766226,
    0.1178584655037902,
    0.6282214308960511,
    0.8785871249535457,
    0.8019730516923775,
    0.5170096000369896,
    0.4215675835418705,
    0.6799912082769013,
    0.9199735779831317,
    0.6746347888401704,
    0.5425031762516176,
    0.6483754480801384,
    0.05861713240798294,
    0.9077289914326714,
    0.15330845578505414,
    0.6981224223713792,
    0.38046977269830473,
    0.6289205211662816,
    0.4948170053774531,
    0.15180473155375152,
    0.8218285034132919,
    0.5925524771713119,
    0.6755724750160356,
    0.8788217236193745,
    0.6974647251986682,
    0.2697284522733219,
    0.08264966591497114,
    0.3211208178112135,
    0.42902826812659023,
    0.08973658131629614,
    0.9258517083263602,
    0.2479312405807994,
    0.5489844699883516,
    0.08884090830624503,
    0.4318966351496566,
    0.25040767224009497,
    0.23504692143841444,
    0.705316820425938,
    0.8349464046308778,
    0.26090023163999987,
    0.09982279141757233,
    0.6520741004025005,
    0.4680148555996042,
    0.9872602342744827,
    0.8972944485766327,
    0.19571869225614547,
    0.7870191018477329,
    0.09057527339562921,
    0.9884115394090387,
    0.9529330514640274,
    0.9812486958798533,
    0.26288457278098687,
    0.8433421262296806,
    0.05986852629075745,
    0.11807366820312959,
    0.7156726871723622,
    0.039840191302038974,
    0.5985426720809399,
    0.633449412003248,
    0.3114659344217322,
    0.40799656173402465,
    0.7569739300976804,
    0.8704163450840806,
    0.2253196561155102,
    0.2650317692377979,
    0.9860707659095715,
    0.18732003526753394,
    0.10722392686634807,
    0.995575577044276,
    0.32058227745565104,
    0.6747468569458467,
    0.6974782154787001,
    0.5365595892987246,
    0.9216581537938949,
    0.05071338076561749,
    0.1431654833642817,
    0.3472595832599543,
    0.40040587514388093,
    0.18777349066329996,
    0.45410140560384593,
    0.1175885281690352,
    0.7555638323307312,
    0.13445134020704852,
    0.7900818467601568,
    0.02255160163172676,
    0.8175256757773036,
    0.6769113573286606,
    0.9692646625127198,
    0.6741952703671805,
    0.8980204483525771,
    0.8384104290360389,
    0.8458392094624609,
    0.8565869686440621,
    0.4194689738883254,
    0.4684774365381721,
    0.41354127802256047,
    0.07497234800868069,
    0.44305878269789334,
    0.06963306166136374,
    0.9644326610173193
  ]
}