{
  "iteration": 118,
  "timestamp": "2025-10-05T00:31:18.573988",
  "pid": 43830,
  "random_data": [
    0.40474118249138646,
    0.2671688156804709,
    0.8083325845489677,
    0.2780753149450399,
    0.5788667188973214,
    0.797612982935904,
    0.22268286230363532,
    0.13112537088922072,
    0.4661843025011957,
    0.9565322685839358,
    0.3779334340261685,
    0.6116796251820987,
    0.6027909307241387,
    0.9752562321062579,
    0.2294408508842385,
    0.6651588474315256,
    0.8752307440720818,
    0.6420733193064955,
    0.1076297921092415,
    0.46950950274470205,
    0.548607352903551,
    0.8908359407957782,
    0.5952258766131864,
    0.17577496462589193,
    0.4449932163174959,
    0.8020880793485429,
    0.06715261468837186,
    0.8300857787310745,
    0.5719306565229998,
    0.485565840924554,
    0.4930207989615564,
    0.1788986478629998,
    0.1827405812864179,
    0.14780083872159744,
    0.8637290243659566,
    0.16253265492786473,
    0.7410941101648946,
    0.2746870205976012,
    0.1815061652342248,
    0.8170082375779818,
    0.4675493919821192,
    0.4968368327860869,
    0.010620221208320069,
    0.5419661627252034,
    0.5647031103517787,
    0.8148915576040356,
    0.3996123764502909,
    0.32383824948588624,
    0.9986888633249189,
    0.597256850246449,
    0.22022287306347477,
    0.4018588981115575,
    0.6881270256674988,
    0.49309430058649373,
    0.8570741259729705,
    0.7112108160944147,
    0.35987960852829715,
    0.663309408709662,
    0.5802072091974718,
    0.5450770430457106,
    0.29757786721266843,
    0.016008494730404332,
    0.7301934855902797,
    0.3938990960407859,
    0.004563834532253841,
    0.2930168955400523,
    0.8743921735430364,
    0.33093310447449586,
    0.9673982826567933,
    0.14243430769814447,
    0.5857875047194465,
    0.19915717082888806,
    0.5771832899798721,
    0.5103727474815835,
    0.04815429593231535,
    0.13493573650346635,
    0.4112904613925027,
    0.12901070057072506,
    0.45531254172444857,
    0.6134253622072425,
    0.6532869777216125,
    0.018094437743353287,
    0.1341120574680299,
    0.18838581024272016,
    0.9847726739843488,
    0.6994704453952009,
    0.8169905063676081,
    0.5317857754483092,
    0.11232044900978799,
    0.4726480411720627,
    0.46982672855996843,
    0.887054292439402,
    0.42918323058842134,
    0.5696588925847345,
    0.8557241385613215,
    0.509595800704653,
    0.4095617601595376,
    0.7355247512656506,
    0.37320489401789647,
    0.555452864029017
  ]
}