{
  "iteration": 122,
  "timestamp": "2025-10-05T00:31:27.833339",
  "pid": 43830,
  "random_data": [
    0.405433254512903,
    0.5474320799211329,
    0.9192875799546717,
    0.36768900392859327,
    0.854136593983479,
    0.8569433951989625,
    0.3412716131746737,
    0.7964680461675905,
    0.8629719204818092,
    0.45730823732967063,
    0.4322387905510614,
    0.13149390978146114,
    0.497059862916299,
    0.8062944852919851,
    0.7228290427868881,
    0.6060396327484985,
    0.051319247024128045,
    0.805373327108326,
    0.19090049871879133,
    0.4610884130943378,
    0.6198642953144121,
    0.766830593281365,
    0.8557292046141212,
    0.341205412845479,
    0.011862547310215743,
    0.4087687148473951,
    0.7381566253526687,
    0.7484532878197621,
    0.0820981289162912,
    0.892227299116123,
    0.181585928414581,
    0.3142378323896574,
    0.6435891788024627,
    0.6699832196054143,
    0.6548967373092079,
    0.7055436097046937,
    0.8163778801618934,
    0.6482525979236672,
    0.31999286396845117,
    0.47063564389456025,
    0.6787839862375249,
    0.10824767354151532,
    0.7669730759352054,
    0.4180617567271675,
    0.5646188552055971,
    0.7085245876615567,
    0.18036691185186382,
    0.6837433367878234,
    0.309855953326477,
    0.5725060940653697,
    0.7755773798603591,
    0.4839059992312612,
    0.7478645493007555,
    0.47614230167729965,
    0.7640782750501575,
    0.3662132292291127,
    0.37998584003598734,
    0.5219780255643266,
    0.08466062448168576,
    0.4303052946628424,
    0.17668617960282695,
    0.9796658170331268,
    0.6778777055806972,
    0.7250134741152283,
    0.1286544595956587,
    0.7470457990214107,
    0.2723513406741712,
    0.3642508022261446,
    0.08276390144059376,
    0.6568224865813391,
    0.02822322701029456,
    0.6943309466879473,
    0.95993772335131,
    0.21650034290728848,
    0.6350863141037049,
    0.33644319754595753,
    0.06509756470634553,
    0.38906730932442657,
    0.39134757531630415,
    0.9697315531154704,
    0.011826212983852447,
    0.8993586004880082,
    0.6252137582741261,
    0.9640681036993459,
    0.17355725221203966,
    0.15997132304088502,
    0.8826474391868153,
    0.5715927565889429,
    0.48818691184833773,
    0.16873297899072626,
    0.12923465695057557,
    0.08807448136801643,
    0.7826290089178397,
    0.3288380492458215,
    0.820730483865904,
    0.7109377973809567,
    0.21536453063932737,
    0.304752483477539,
    0.7990445665024595,
    0.39806835310392497
  ]
}