{
  "iteration": 92,
  "timestamp": "2025-10-05T00:30:23.957293",
  "pid": 43830,
  "random_data": [
    0.9960730660855808,
    0.6220688475962068,
    0.6946038438897528,
    0.5256460785950381,
    0.6555822091403517,
    0.8199478822451337,
    0.9248325047445596,
    0.6783309467039865,
    0.8484324396526516,
    0.31625997486401525,
    0.4462759548217349,
    0.7135443006789485,
    0.22365810229645255,
    0.7281342265155688,
    0.5356073742714509,
    0.4161969527085788,
    0.8328451087387528,
    0.9271083665211115,
    0.6324624665827211,
    0.2963870854732421,
    0.6558256873139684,
    0.030363047695054046,
    0.7426264716179481,
    0.1667573479044775,
    0.0033782876284100816,
    0.18300185607955388,
    0.4599810302019357,
    0.10269886745770707,
    0.7085441077515735,
    0.5105238538452618,
    0.883848829880064,
    0.8317891421021822,
    0.5673337910653576,
    0.6519539477055813,
    0.2581692295961886,
    0.12742730604310704,
    0.5019532433818311,
    0.994250101439309,
    0.6374162088855312,
    0.5047328561891933,
    0.7687793233967704,
    0.7204376266099733,
    0.6036241572432084,
    0.03322038238134295,
    0.9261772553062955,
    0.8818613083495175,
    0.2812606801059122,
    0.34683762066204304,
    0.2862820927577595,
    0.6203384108251824,
    0.6543020057366511,
    0.27093481615922577,
    0.022906337363888696,
    0.8398220781597304,
    0.009637607008918692,
    0.2695504295251636,
    0.053905373923226474,
    0.8828070056990632,
    0.8279098069815743,
    0.8965467786771455,
    0.5365807979581089,
    0.7828649728602813,
    0.0016297649088579114,
    0.4341345428105182,
    0.781419598324946,
    0.04548399409170134,
    0.8826927191759388,
    0.8974063410211164,
    0.9429434584220129,
    0.3011612216170023,
    0.9063882529824488,
    0.47933664838795464,
    0.49086322376105185,
    0.592877835847303,
    0.48396576213070286,
    0.30449400652701564,
    0.3600101335351492,
    0.404124036196597,
    0.14801300139172213,
    0.5747378364295638,
    0.3226521171094098,
    0.7974932451892904,
    0.7864519289059496,
    0.1987187560019984,
    0.06288534821269276,
    0.7340134016312081,
    0.11906304981799665,
    0.18414308864875073,
    0.4788027678212923,
    0.14813072765898228,
    0.0031375391156436283,
    0.029873411645349623,
    0.6064590704752647,
    0.4581183222160734,
    0.23539013036147094,
    0.038694179369507364,
    0.8293514622991847,
    0.6789941889479476,
    0.1386588163222231,
    0.5752854678184567
  ]
}