{
  "iteration": 82,
  "timestamp": "2025-10-05T00:30:03.667441",
  "pid": 43830,
  "random_data": [
    0.17520257666921146,
    0.3557216491991435,
    0.5220320097299905,
    0.4464140458469733,
    0.20086250579697684,
    0.6353342294988619,
    0.16859498341465406,
    0.5149161588320558,
    0.24287243450745521,
    0.7481674825443958,
    0.6751548995186863,
    0.3966407956246597,
    0.19222098718888492,
    0.3490162618574161,
    0.059674807743212877,
    0.2425422027223041,
    0.5620269052798715,
    0.7462461193317383,
    0.45054905808897716,
    0.4078264674635498,
    0.8116937767581733,
    0.3051341619174406,
    0.697055180693568,
    0.21524427925303147,
    0.01634115024054894,
    0.1377599449293908,
    0.23605913389638067,
    0.256562272272029,
    0.1035176065618626,
    0.6248500489055342,
    0.6905460083018901,
    0.7854021875886166,
    0.30610299430735677,
    0.024219947477296944,
    0.6818971612022495,
    0.1361671171289106,
    0.25324092976455215,
    0.3837768306393091,
    0.6385096291308762,
    0.9452098106213781,
    0.766291596165237,
    0.9723121975658698,
    0.5810316090834401,
    0.2258561975050274,
    0.8319352812943872,
    0.02121436981113045,
    0.33164788559490177,
    0.2915459707735648,
    0.20657630624137524,
    0.5565558238133631,
    0.0847489602717697,
    0.2642380312555749,
    0.7257221067687891,
    0.3357396038355428,
    0.785209176988274,
    0.08953738786838805,
    0.4064776255154011,
    0.21466219050683666,
    0.7182365144803095,
    0.7820081387610114,
    0.11314059666161858,
    0.6168109194694044,
    0.8213529900052733,
    0.07025248569494302,
    0.9732209528349088,
    0.9427187206087538,
    0.42732426632978937,
    0.14798478480637467,
    0.45690500032042247,
    0.4042302995121937,
    0.8484712627811943,
    0.8972826425886211,
    0.10916252706362406,
    0.5760683597410323,
    0.6344812198861561,
    0.46164541039730467,
    0.6372927102969531,
    0.8652381824949423,
    0.32180324354898393,
    0.34592993770835856,
    0.2339244553464641,
    0.9634075384739504,
    0.21786636832464978,
    0.5525096063481917,
    0.7790644725700375,
    0.4714976268114388,
    0.935991292522455,
    0.2411297978325292,
    0.519030923859728,
    0.15402090098921517,
    0.7816215057465901,
    0.6868931341011146,
    0.7382624527826329,
    0.6031404097630984,
    0.7219592973126256,
    0.09615449905491724,
    0.4551098705079546,
    0.9154381014726247,
    0.7955611908592801,
    0.87639038286663
  ]
}