{
  "iteration": 205,
  "timestamp": "2025-10-05T00:34:16.148123",
  "pid": 43830,
  "random_data": [
    0.36723320381960833,
    0.6478083347826218,
    0.6298869559632525,
    0.8604828342719362,
    0.6309313114084012,
    0.0021864832564625347,
    0.5070493142213117,
    0.012226694777024427,
    0.6852594267032266,
    0.227311375937298,
    0.8594011555339232,
    0.1254168085619214,
    0.32637283409335294,
    0.11830776872945059,
    0.6855311057578756,
    0.038445671213939936,
    0.21958953360941946,
    0.8121386526495877,
    0.3279930346534462,
    0.16134174263842427,
    0.5678503477568587,
    0.9550778090129999,
    0.28734768668686916,
    0.2756864153574802,
    0.09190250783545229,
    0.7346342747339383,
    0.6504874595848278,
    0.11519479820386758,
    0.5491864209298182,
    0.9041955575357612,
    0.10075273636533821,
    0.8082804367782628,
    0.591343225556119,
    0.700377551589448,
    0.08678044418598652,
    0.8669773063497825,
    0.8999013237603163,
    0.7170089285109018,
    0.47763743894948674,
    0.26618543853364274,
    0.2294450099250538,
    0.8173958676572853,
    0.08582735875166947,
    0.8701699581232287,
    0.38720142964716975,
    0.11184553605126268,
    0.06512499580937114,
    0.8094783779587591,
    0.2191690044215806,
    0.6174684398270485,
    0.7175106488145813,
    0.7303307886894693,
    0.8470915103905657,
    0.5510239227596969,
    0.48035518083215856,
    0.830233141533686,
    0.5637262611869427,
    0.23026164169399999,
    0.8144947072995964,
    0.5865227673704472,
    0.7185052439195597,
    0.4995200629565475,
    0.924331897712256,
    0.9300689132892841,
    0.44017877023493124,
    0.875561689899723,
    0.9739058188493732,
    0.5874063022378818,
    0.14608916269068972,
    0.07863111055671557,
    0.901369824754236,
    0.9326856792850672,
    0.23149462050698855,
    0.41280852383729116,
    0.2157788445124882,
    0.49353643585860574,
    0.7217767241036437,
    0.6415428890696779,
    0.8409982964371414,
    0.2121705857486702,
    0.26266798079832343,
    0.035744275399977266,
    0.24380445394504058,
    0.6381232291922745,
    0.2418045250079689,
    0.38164933449981686,
    0.22788815278674768,
    0.8369958866522083,
    0.43884493625858334,
    0.9686282087172557,
    0.4250495398558932,
    0.012594362267329129,
    0.9144225938436122,
    0.7149179211363563,
    0.649887072064031,
    0.9365255477256532,
    0.23775245123381883,
    0.7694734475274088,
    0.2148820926306706,
    0.9770183921911636
  ]
}