{
  "iteration": 101,
  "timestamp": "2025-10-05T00:30:44.840046",
  "pid": 43830,
  "random_data": [
    0.9041568991844778,
    0.1884393813200571,
    0.9659271238660941,
    0.04063785393298136,
    0.8526711938859275,
    0.04448838948958089,
    0.001419513528430505,
    0.17634213915825403,
    0.6561672821265444,
    0.4071356598319077,
    0.14043703682922337,
    0.7541960101595016,
    0.608684924727893,
    0.45765981724033755,
    0.5622943809794144,
    0.9185423986114087,
    0.632766318664844,
    0.8466910619216423,
    0.11407712908785494,
    0.565416449973615,
    0.415797062012764,
    0.6485096813784521,
    0.37692928121518887,
    0.009232294415421283,
    0.6801172587331769,
    0.4173196433166222,
    0.585702087246068,
    0.30240836225904,
    0.6488260433977229,
    0.5137968523545323,
    0.9677633736143022,
    0.9951053373872613,
    0.39747550135517473,
    0.0214213619252549,
    0.839585961053599,
    0.3184968878103025,
    0.012197176555486022,
    0.7818496695766787,
    0.5272263699361363,
    0.7922975224363541,
    0.4424236190585519,
    0.39455013737672695,
    0.24663188260354862,
    0.3368014574339043,
    0.8397690505821327,
    0.23846920526073456,
    0.6047128747785289,
    0.2874956509128066,
    0.810243064155225,
    0.19177553770966427,
    0.42366995051791057,
    0.6031069479948663,
    0.3616341511571599,
    0.646813473691732,
    0.453822838875759,
    0.14029014690197406,
    0.7566491240137865,
    0.4438547369936453,
    0.09019462754944318,
    0.41713211866096644,
    0.7829460857430731,
    0.33248848663181163,
    0.2751294865422964,
    0.5996737628018798,
    0.6693145150276822,
    0.019443369395676147,
    0.6144458544953216,
    0.0247716698389997,
    0.5912810889122792,
    0.24262822645402016,
    0.8292238253106967,
    0.2799220212871013,
    0.8871380435545759,
    0.46813143847954997,
    0.20865605051603942,
    0.9881840241902392,
    0.05555369805311705,
    0.07793707009951689,
    0.42227340401348723,
    0.6639294812143725,
    0.7102751458287606,
    0.31829018266603337,
    0.8776893162256775,
    0.32237303368057857,
    0.47160788259561026,
    0.6544124608978041,
    0.5330002920362152,
    0.7375182861418224,
    0.7637026832657399,
    0.24572284641698794,
    0.8877008011485774,
    0.3395715024886291,
    0.6739920182287429,
    0.978829563332453,
    0.5057662585159227,
    0.5160816210116802,
    0.828050778810082,
    0.849777026195484,
    0.9833116913447407,
    0.9439799092843365
  ]
}