{
  "iteration": 208,
  "timestamp": "2025-10-05T00:34:23.696170",
  "pid": 43830,
  "random_data": [
    0.415712491965359,
    0.685466123433768,
    0.13140252502947702,
    0.004957891848047624,
    0.83612680236528,
    0.17843457228884518,
    0.9856995658282441,
    0.6015892538217642,
    0.44699164730383,
    0.5511226796629756,
    0.8463376065453873,
    0.1751471264066511,
    0.027544884825304372,
    0.13277916026384196,
    0.5921931010957002,
    0.7557793396134019,
    0.07569723554907248,
    0.7608071842185996,
    0.8568878460031416,
    0.8444404733734882,
    0.9116109056541147,
    0.2844993025982052,
    0.571164021035863,
    0.6057767647644438,
    0.6639215534362097,
    0.4371991372481634,
    0.3032605223829071,
    0.6979876397256233,
    0.888326790595489,
    0.28254894135624753,
    0.5097403064164086,
    0.47363704514740146,
    0.17676527839949097,
    0.8835526707197094,
    0.264723966597574,
    0.08880219691658009,
    0.601298004349234,
    0.2927118279850227,
    0.33444360319002553,
    0.5886562794925622,
    0.6162994254845673,
    0.059372524953570704,
    0.4808018587967495,
    0.3681080216439415,
    0.6810739851376028,
    0.23372296515710378,
    0.2725486602607152,
    0.770596619082374,
    0.07055454667393346,
    0.011570931239026083,
    0.4837762361823833,
    0.3158964644110782,
    0.42586297753555247,
    0.4806946652392998,
    0.366770710422315,
    0.36801224231818885,
    0.5118971655124089,
    0.8714847948931304,
    0.6592571877033095,
    0.7047328009590262,
    0.48701378261749706,
    0.1121050543106139,
    0.8656239062579292,
    0.8395242299655138,
    0.6996809448685519,
    0.8774330387052596,
    0.7583155603368709,
    0.8522499501749984,
    0.7921832927366488,
    0.6002135728406461,
    0.8311552123538207,
    0.16407823917666697,
    0.28170404266485183,
    0.3922611640748511,
    0.9821719219074078,
    0.06880226619318697,
    0.3749619578634913,
    0.46311429909033275,
    0.08806074151278342,
    0.408802839737229,
    0.6825727090399649,
    0.5391803599608982,
    0.35413969214737184,
    0.09154119318973941,
    0.12619418621262202,
    0.994036720859446,
    0.23278771497658335,
    0.32291444019199433,
    0.016094318628193882,
    0.21945614015128745,
    0.8426806266462739,
    0.41975610519470896,
    0.6656119904384415,
    0.05671358724523634,
    0.25509349559600947,
    0.51570102483658,
    0.44298079617713126,
    0.2954694723069734,
    0.7707557711339098,
    0.587681749186497
  ]
}