{
  "iteration": 139,
  "timestamp": "2025-10-05T00:32:05.075126",
  "pid": 43830,
  "random_data": [
    0.6001402385668142,
    0.5799453417642134,
    0.6508982073908263,
    0.9341272233471976,
    0.19296701681786377,
    0.40488136828257726,
    0.3665723965152522,
    0.11282068298983294,
    0.08577332761108603,
    0.8240100166910523,
    0.30612828652118074,
    0.5010659197533123,
    0.5928414013936824,
    0.042311020667443744,
    0.20330902876892332,
    0.9420377240626212,
    0.2561807952989549,
    0.6851805513711323,
    0.23585202634623037,
    0.4312673792254995,
    0.6900318387026297,
    0.11761973223422151,
    0.9117241166624913,
    0.2388696689891312,
    0.262373097592584,
    0.7068295213905575,
    0.9168990351721336,
    0.2385729964059593,
    0.10407962643537305,
    0.33837547080620267,
    0.8795623699968939,
    0.5481524444773409,
    0.07217154797491288,
    0.17624667664820304,
    0.16415838096513757,
    0.09576107738099882,
    0.15898478064359367,
    0.12366209897567049,
    0.7871697740020694,
    0.03884258389733064,
    0.6104897777879382,
    0.7426462535065912,
    0.8031224772346193,
    0.35968242393145855,
    0.4231023117577756,
    0.5720127829633734,
    0.12755858900266448,
    0.19277484208598228,
    0.03771801192306734,
    0.1993088347908223,
    0.7837355645005494,
    0.34232612396689643,
    0.6062845812535378,
    0.8190523112094594,
    0.3170604781617137,
    0.014926574749186683,
    0.7321507452493261,
    0.4289363120512768,
    0.26042897138816967,
    0.5571502192023452,
    0.9924947992369904,
    0.7367734579842603,
    0.844543474770382,
    0.8943870230975529,
    0.24751740786308918,
    0.4402754435666606,
    0.1900515936731525,
    0.8975376022628296,
    0.7066525088488058,
    0.906528924406506,
    0.3399006133772464,
    0.20134213918012978,
    0.6213269833511859,
    0.5983146694527782,
    0.411738807662571,
    0.17267249751582714,
    0.3151285308611784,
    0.1424237135244173,
    0.1472657579894998,
    0.9724226515405243,
    0.764803170272943,
    0.10989633911854246,
    0.21514352012061322,
    0.020817884975151135,
    0.5440239509787346,
    0.8547824298417654,
    0.8700128320827974,
    0.6223160001435425,
    0.13550942251966192,
    0.15470070332551267,
    0.47626079940586663,
    0.3832212444513807,
    0.33459262124181355,
    0.205478143216132,
    0.999818675775171,
    0.0888760923748555,
    0.6502807255416955,
    0.6740171853634326,
    0.7891496590648444,
    0.9213155009583733
  ]
}