{
  "iteration": 113,
  "timestamp": "2025-10-05T00:31:09.584925",
  "pid": 43830,
  "random_data": [
    0.20557276356553333,
    0.27301124152536915,
    0.23430264846921867,
    0.37629981613210994,
    0.3280685205039826,
    0.29522990991238207,
    0.39082806075310195,
    0.45025934845214455,
    0.7493645734086066,
    0.13084093563812793,
    0.6757422978335387,
    0.688244810212432,
    0.3369862010304251,
    0.29750994358588856,
    0.9862442618954507,
    0.028312012503048378,
    0.23649960108743417,
    0.6304244665207464,
    0.5351309543270408,
    0.4580559330059415,
    0.2116152035986748,
    0.7800897020919709,
    0.7863180561286831,
    0.5228181558433782,
    0.054305808408401934,
    0.3636924378364813,
    0.38838063520223165,
    0.13388621657102096,
    0.06076071976487496,
    0.009809145347797199,
    0.8799591632140399,
    0.39669361348738674,
    0.7797631787859631,
    0.010371600930362601,
    0.3706723493689451,
    0.5026332738696669,
    0.3832224306739046,
    0.2490777372226023,
    0.8276885111196444,
    0.8510663324489922,
    0.27192847890346283,
    0.08322979398797692,
    0.21088056792132026,
    0.16177731590053535,
    0.6267107199805647,
    0.905294506294101,
    0.9761843953850401,
    0.6908744281802238,
    0.5918564171508601,
    0.2531017660543311,
    0.3430767375640521,
    0.21124999870053063,
    0.3657308479280279,
    0.6108604385733403,
    0.8476056968096093,
    0.7401574628651144,
    0.1889596055589594,
    0.32051874630740784,
    0.6134318431672776,
    0.4332969380167834,
    0.6635476864615534,
    0.7166106284288924,
    0.37686454788819024,
    0.2152431933933211,
    0.9930158898242034,
    0.47740191672611987,
    0.974893386117001,
    0.1287090589526667,
    0.0775193954387271,
    0.1342712840127489,
    0.01841817176181393,
    0.906847678964743,
    0.7237953569579132,
    0.75124081214931,
    0.4924714545868941,
    0.5634671841187069,
    0.6687613523423325,
    0.8531894108286217,
    0.0620138961733685,
    0.49792118738009883,
    0.5793054418433765,
    0.6487618259347119,
    0.5371842494130102,
    0.17785947055971651,
    0.712941684719092,
    0.021578836202484797,
    0.7964523406243498,
    0.3815370799032217,
    0.9909240643405219,
    0.10992077271145462,
    0.12763341164224973,
    0.9375433464244379,
    0.6345744899175096,
    0.27088772936915206,
    0.34366270654246067,
    0.06047204439534415,
    0.24951890253641806,
    0.9846978053729794,
    0.5376237707113418,
    0.11134654544887967
  ]
}