{
  "iteration": 97,
  "timestamp": "2025-10-05T00:30:36.105813",
  "pid": 43830,
  "random_data": [
    0.2853735237648134,
    0.39118895526106345,
    0.4128192757160345,
    0.4616995158820223,
    0.028261806619622742,
    0.5491206388870634,
    0.7116112685889897,
    0.08929202439139927,
    0.5776854165727685,
    0.39681870881915204,
    0.005224326274747115,
    0.4000738141298973,
    0.5121185162085395,
    0.9915318909216335,
    0.16855996857235178,
    0.8092179916369792,
    0.05494890705814559,
    0.5731184774987104,
    0.6570513083289233,
    0.887920959102599,
    0.17113299439271956,
    0.698728738479042,
    0.6302463308900204,
    0.9953977517266269,
    0.17298535696804762,
    0.9618360934192371,
    0.9941240948673189,
    0.18756245421628226,
    0.4142551267226775,
    0.294206347050497,
    0.9472129602837732,
    0.5683827654191064,
    0.09261323825867007,
    0.42521962360214094,
    0.342599852821038,
    0.23987582087851655,
    0.3734825285415082,
    0.5648137573214898,
    0.5308415840687115,
    0.02725461122108852,
    0.4737336105103154,
    0.40987401428131554,
    0.17957681207571297,
    0.4098326394877463,
    0.24646665957465463,
    0.817277006683763,
    0.44528413868686656,
    0.2024581711691643,
    0.6039115546421585,
    0.6574472062262282,
    0.39626681976040024,
    0.5223081609719075,
    0.6141669463813468,
    0.5104422559589712,
    0.7252722402674059,
    0.30060012140565684,
    0.17261703775037363,
    0.9579424148917184,
    0.2757801584508257,
    0.9831147226867485,
    0.4108751369736392,
    0.6906592811265988,
    0.6818273306865323,
    0.5415710059784357,
    0.9892805346511385,
    0.8416356834731915,
    0.35511897221392863,
    0.9572944577419014,
    0.6123736042867459,
    0.1552011765596223,
    0.36388550517974416,
    0.2140987197473,
    0.23407734791039436,
    0.08051788472093468,
    0.2510994155475057,
    0.7667196360280385,
    0.773083595994722,
    0.6002983461025844,
    0.3129825505899212,
    0.43308032838674815,
    0.3049753389241796,
    0.05463157393080753,
    0.32422803228082187,
    0.9965503440092874,
    0.8012507401885293,
    0.926420776691954,
    0.21680090651333883,
    0.36742068350907897,
    0.250033976170026,
    0.3868828010939037,
    0.6721019065910409,
    0.028587160932261435,
    0.11964224508319221,
    0.7741941268388036,
    0.46684019059653514,
    0.768847305196067,
    0.9792256688932947,
    0.33401955831371866,
    0.5196586019524229,
    0.06627308005285193
  ]
}