{
  "iteration": 121,
  "timestamp": "2025-10-05T00:31:26.290104",
  "pid": 43830,
  "random_data": [
    0.13859438823143622,
    0.6660177132338374,
    0.7585590413475729,
    0.8630696993336912,
    0.9555460445330728,
    0.5848645277231002,
    0.14306577782860397,
    0.3657166013612978,
    0.6165062721922396,
    0.5843050641397964,
    0.6766686079146395,
    0.4962101125929531,
    0.8610320828175849,
    0.5925871339911198,
    0.23145192034669382,
    0.5606857572657371,
    0.34134052829087524,
    0.6691306759998784,
    0.8119443090331334,
    0.4917000817096956,
    0.6952860406549185,
    0.05569240126520625,
    0.07834887721271455,
    0.4371143103601852,
    0.44833176925953144,
    0.20391188612022115,
    0.7280896396045102,
    0.9334159045951347,
    0.9042099753855437,
    0.8605209975155638,
    0.07162517104631161,
    0.6877843782719691,
    0.31504571116833924,
    0.5536753290978632,
    0.6549634360548985,
    0.5046868201974033,
    0.5983794081582628,
    0.036750324111534116,
    0.897613997528399,
    0.876869147865689,
    0.6090647012333135,
    0.14769032126178971,
    0.3470179466610478,
    0.06319110492344904,
    0.2157327455630459,
    0.9193860889532796,
    0.17834344669654623,
    0.4072546427848057,
    0.4504443041555122,
    0.7666663504412353,
    0.9835940584561217,
    0.6823306410529386,
    0.19398878913407758,
    0.6695617904015008,
    0.8310382143350858,
    0.008285198851176068,
    0.6542378539937145,
    0.5633611851756597,
    0.4652020245691507,
    0.16642032168271415,
    0.9112911546776741,
    0.18087865288663474,
    0.49640423927953903,
    0.0014343557883237379,
    0.7282375620998536,
    0.826192968760596,
    0.6389442328646451,
    0.3460138799411946,
    0.8796047059954534,
    0.22911400007898863,
    0.21078768637530942,
    0.39428609358457956,
    0.1768250461293156,
    0.22004307286779667,
    0.057361504107628636,
    0.2124274134303733,
    0.7518777135071998,
    0.8238549014598584,
    0.5983931819636132,
    0.07388115766053971,
    0.696082273345681,
    0.278953327489352,
    0.8517346847186654,
    0.5856675799051886,
    0.35732367742292626,
    0.6652442169876007,
    0.8215461120533666,
    0.49486061865522224,
    0.4917048028866057,
    0.981701416478043,
    0.5982434607657102,
    0.497586801229535,
    0.3343122318419114,
    0.5328695910060113,
    0.8360338333437044,
    0.06013650866119635,
    0.9239767505378831,
    0.2784286015930132,
    0.04217150616874665,
    0.4245919468420809
  ]
}