{
  "iteration": 168,
  "timestamp": "2025-10-05T00:33:07.399960",
  "pid": 43830,
  "random_data": [
    0.5971785644833928,
    0.8558868041512805,
    0.7710643533594379,
    0.025307343050132824,
    0.27572879356360447,
    0.7226109979445509,
    0.7026682815751791,
    0.6425860588025416,
    0.8686575775071579,
    0.3407121533468682,
    0.8993830230928657,
    0.4330697618316204,
    0.3657081222006143,
    0.24840674323580236,
    0.3005161102536378,
    0.33742799298362935,
    0.5372807848035771,
    0.20786192074062704,
    0.5391351407465749,
    0.7635587330933756,
    0.7529584734361472,
    0.8928232124143205,
    0.10869036841275737,
    0.42699894524181337,
    0.929895769405377,
    0.0008189642148972442,
    0.765099769474712,
    0.32492097727462765,
    0.6269135073216293,
    0.6019197509764463,
    0.07785275213123288,
    0.5862189205414928,
    0.3599376144162588,
    0.22906996069038632,
    0.5857914936839509,
    0.9343202909802072,
    0.9113077316233271,
    0.2008858731059079,
    0.8969179199713456,
    0.8212322543624561,
    0.22266061745214605,
    0.15561301832696217,
    0.05578187830583792,
    0.8895741786115643,
    0.786232156258625,
    0.13413072673263904,
    0.7061587179899468,
    0.7458707425929979,
    0.5900396666699314,
    0.03401903364956649,
    0.8395411124018212,
    0.533192002429348,
    0.6691514991656059,
    0.02311455385477823,
    0.9569868624221877,
    0.028068896935666388,
    0.32226596355061377,
    0.7767417156384265,
    0.038994141634811075,
    0.5158844495097078,
    0.9704385559983495,
    0.01278669326084525,
    0.8508291710456537,
    0.899990835431298,
    0.555631829310483,
    0.24107751452134119,
    0.1587791219793454,
    0.25941895550705407,
    0.6890110052197497,
    0.5845219390734986,
    0.5033990380925288,
    0.10758773207965833,
    0.45882237114757685,
    0.276711229669954,
    0.6830133713381575,
    0.29280982941116873,
    0.04641043764098696,
    0.6762892286025227,
    0.40796326116344583,
    0.9432061454914217,
    0.4596403570348575,
    0.6698579683464884,
    0.803210718025017,
    0.8209386936750165,
    0.4056275830422017,
    0.6248463973279783,
    0.8240855409551164,
    0.3535369466135373,
    0.5609855006730573,
    0.9554024246388123,
    0.16333223575365996,
    0.8128229713335433,
    0.24166710437761396,
    0.9975952418132507,
    0.24718007373013862,
    0.6907270143075175,
    0.7751468227102588,
    0.33904932243639685,
    0.7730050514158012,
    0.5392844700659651
  ]
}