{
  "iteration": 140,
  "timestamp": "2025-10-05T00:32:07.093253",
  "pid": 43830,
  "random_data": [
    0.017963106354964342,
    0.24653330509549853,
    0.40401641405257493,
    0.6550030257980363,
    0.5817016506176818,
    0.7092995175302164,
    0.31876202380573515,
    0.22070199612462427,
    0.4718108189685174,
    0.5914111932312301,
    0.8375008210137215,
    0.2378051741038515,
    0.06514572277874853,
    0.44354466383146884,
    0.6131813321064263,
    0.8188432452552518,
    0.35413981105016634,
    0.30424429909284767,
    0.8741168193462465,
    0.9500106585511519,
    0.7933025027432206,
    0.6698376152550759,
    0.3704648693241439,
    0.4859233461435917,
    0.09912534567362263,
    0.8822374886737567,
    0.5526660967714245,
    0.10603071866829639,
    0.4797897636951677,
    0.1832360636817223,
    0.40392747107463156,
    0.09804788158029709,
    0.04184766888449576,
    0.7236812023787967,
    0.5823509403085508,
    0.8032191915627417,
    0.8080438572123365,
    0.8371832678573207,
    0.683958468713421,
    0.8843151539375452,
    0.8749545064079123,
    0.7094125755127508,
    0.7818991789898891,
    0.31367270126055913,
    0.8165025309354527,
    0.45224913118820265,
    0.7698294164954134,
    0.22441403231458268,
    0.8615329048923949,
    0.9738443851622768,
    0.32364184427675513,
    0.0072823211725757675,
    0.43361843819999435,
    0.9801309463291472,
    0.9254528696675621,
    0.12000309676620513,
    0.6497259658579113,
    0.2556009676719172,
    0.05261887436498203,
    0.6310657059844397,
    0.30875389017644195,
    0.07238894070403457,
    0.8952819465226544,
    0.5656343107158798,
    0.742148032399474,
    0.519489257686542,
    0.17703243897065202,
    0.22708617841407264,
    0.19768906515858264,
    0.1687145157287473,
    0.7564644057759315,
    0.9364331076119463,
    0.9866665613288911,
    0.5491796826005606,
    0.2557522872983159,
    0.9285414959389082,
    0.9320346826238249,
    0.51558696422474,
    0.8389818571401241,
    0.2548430699912747,
    0.3638809728058603,
    0.4580498575074322,
    0.6281439379248861,
    0.2554715403237464,
    0.44371679038750655,
    0.7693498476925733,
    0.17571344847613402,
    0.21635400877072664,
    0.6437073916438321,
    0.1897032578750859,
    0.6320489552063298,
    0.21974220159654645,
    0.8633443140107323,
    0.9040118830662845,
    0.39513802577740553,
    0.5063830608710259,
    0.09454532616611255,
    0.504011329231627,
    0.4340805810380528,
    0.17128237686652226
  ]
}