{
  "iteration": 147,
  "timestamp": "2025-10-05T00:32:23.639382",
  "pid": 43830,
  "random_data": [
    0.790164392452504,
    0.4146674684189905,
    0.2007944320197701,
    0.69520182592764,
    0.31513374990454224,
    0.5346293054809853,
    0.612599170734283,
    0.6063393659609027,
    0.7133398403224248,
    0.3704003882848187,
    0.4837294854664176,
    0.08108472449684001,
    0.3174388666593535,
    0.0048338966471829226,
    0.29941105056391526,
    0.9519499512726692,
    0.23406976515627942,
    0.21745026599944473,
    0.3978796621140849,
    0.038696707338907066,
    0.13462515746767423,
    0.20526115510050114,
    0.5261501142835084,
    0.7970257617163236,
    0.7377416883048113,
    0.6056081110636058,
    0.5170364689427336,
    0.4544672579451895,
    0.15369850578793032,
    0.19625970649098912,
    0.8339066411640143,
    0.7644640141094726,
    0.7746034358299346,
    0.9682331693698298,
    0.2389165979666924,
    0.019182032733710774,
    0.4704743001721563,
    0.5296059518429265,
    0.6017402143968555,
    0.36140041359243513,
    0.09639954119056982,
    0.3426844499238747,
    0.548303873441299,
    0.2720283110715882,
    0.7542209948570345,
    0.7005461462199959,
    0.28806489701024485,
    0.5013097549008361,
    0.16817451545564,
    0.41457886603011807,
    0.4266743250800996,
    0.7086431314691608,
    0.7303564698588247,
    0.7856408931991038,
    0.4111261534858389,
    0.17827982269676268,
    0.9065158820995337,
    0.33668275060813535,
    0.843845761570654,
    0.8396168971952744,
    0.8607436422040428,
    0.5870262979511941,
    0.37450057900676514,
    0.26748522517336815,
    0.5299323276650894,
    0.5521174271427517,
    0.873026443580831,
    0.6162797775355793,
    0.05631882525426124,
    0.865709761904144,
    0.42500623101167545,
    0.06066223996591713,
    0.3905508458597188,
    0.22713539209088007,
    0.18145565934923524,
    0.22503534579513662,
    0.8043412798401952,
    0.8718683979783807,
    0.6430781466320551,
    0.7443097213057127,
    0.2450945482129836,
    0.20620917112626436,
    0.5895593283218008,
    0.22372234706105665,
    0.4251285309482524,
    0.04296405341994569,
    0.3532604675621769,
    0.3826930813343623,
    0.5098936498055817,
    0.476758132385671,
    0.819707836809654,
    0.7693724023303536,
    0.5215351392317535,
    0.06786752338626367,
    0.880631421699366,
    0.554800642600026,
    0.3874604283899441,
    0.3828955501436101,
    0.09059273774902699,
    0.12530166816222565
  ]
}