{
  "iteration": 155,
  "timestamp": "2025-10-05T00:32:40.700494",
  "pid": 43830,
  "random_data": [
    0.56885118603775,
    0.15589852058017495,
    0.6296457634248104,
    0.181544480682724,
    0.3109165196850848,
    0.030339384855332163,
    0.6815500087576138,
    0.39528742222542657,
    0.17630670398928483,
    0.685053807765525,
    0.3263074454508458,
    0.7859604680071308,
    0.39969739447257935,
    0.43203771617118747,
    0.9437115136976648,
    0.17003098938826122,
    0.225730406911819,
    0.7145917203231456,
    0.6682174833155464,
    0.4728502438434855,
    0.41087961281894325,
    0.5905919209873384,
    0.09770538830418762,
    0.48966641892461105,
    0.43659960919861507,
    0.15260278257209647,
    0.9562830861881734,
    0.002926283029643262,
    0.13055594107944823,
    0.9687173887245287,
    0.90308886417491,
    0.09896177873433176,
    0.34411169939676856,
    0.055151997159262556,
    0.8810506625261583,
    0.6296086705388869,
    0.01783271737490577,
    0.6053093837759869,
    0.6763790551729117,
    0.24338768647212194,
    0.968136000497958,
    0.12933880490419847,
    0.01757940713836259,
    0.3789078596412885,
    0.07124564426967261,
    0.05400310881214598,
    0.9628497091907553,
    0.7619652473516421,
    0.07015518528094478,
    0.9328667477054635,
    0.09388664711669314,
    0.7155537241834174,
    0.4650672819593409,
    0.7121749762306235,
    0.24396987147939908,
    0.1069716377773473,
    0.861253966660474,
    0.07640346241359941,
    0.6819993443997364,
    0.926189886576417,
    0.8338346847001074,
    0.747833122221097,
    0.024959851543602918,
    0.9402345169681241,
    0.07656192971724007,
    0.153790961963723,
    0.3121640655913518,
    0.9775360204115326,
    0.920076723815915,
    0.07210260247948541,
    0.96989617993258,
    0.5217107037001308,
    0.6210383617666125,
    0.12389116943503042,
    0.06669690564098107,
    0.7505749562312984,
    0.053143932968386154,
    0.8565812981621947,
    0.43109889027136017,
    0.33382051976771987,
    0.8240447671144177,
    0.5005156414685107,
    0.42512344681474856,
    0.6201802530328029,
    0.5449012149668225,
    0.5254397184627948,
    0.9646132871893996,
    0.08961690571824543,
    0.31088822479217504,
    0.48241385754837895,
    0.7897109275635923,
    0.25066477624834715,
    0.21802695194113553,
    0.15210134702813505,
    0.43899979150460755,
    0.88787472247374,
    0.851493609024309,
    0.737575093047102,
    0.299332287806105,
    0.1117470273205764
  ]
}