{
  "iteration": 81,
  "timestamp": "2025-10-05T00:30:02.366668",
  "pid": 43830,
  "random_data": [
    0.9842176778556349,
    0.2082643994116259,
    0.8138433547273238,
    0.5511033286218188,
    0.3179599750970169,
    0.6195723236706961,
    0.9533942834838737,
    0.18760873620836205,
    0.03837758404915326,
    0.6381596293367999,
    0.9004485635783238,
    0.2900266592327795,
    0.5576520235170844,
    0.4460915866824098,
    0.2890192924690297,
    0.046129190476349335,
    0.7527821972862262,
    0.3224770126034542,
    0.8512692168693959,
    0.9918280521037385,
    0.9270366844616531,
    0.5007854509079641,
    0.4581355493950475,
    0.35823216274309744,
    0.45811079358782025,
    0.9302277008269707,
    0.6990184815468122,
    0.8570081323933633,
    0.6735916554166966,
    0.2869485902206166,
    0.3595442114069243,
    0.6289717913457935,
    0.8050788242949063,
    0.9865538743037544,
    0.5929257924291089,
    0.9404184427039575,
    0.26550434136076273,
    0.1857767125360571,
    0.9034256645166867,
    0.38056846864451255,
    0.10935230110276684,
    0.3908117244444703,
    0.9427804380592607,
    0.17056304300458036,
    0.33736791842642844,
    0.5409273008181014,
    0.05566501932713619,
    0.05212151624703165,
    0.2048010502895008,
    0.31259337110922336,
    0.08510788641579081,
    0.2808559622510295,
    0.7184961986139347,
    0.5119343917882899,
    0.852980108330346,
    0.7079788149011902,
    0.05656488088396727,
    0.8966545448762955,
    0.4904561585018057,
    0.4908354622437394,
    0.3584179404406128,
    0.8582786003150695,
    0.43268788389964397,
    0.8309500253282602,
    0.69882842476006,
    0.2696443049263415,
    0.5451322347358526,
    0.9948420880486714,
    0.5672998080096292,
    0.7497508038092061,
    0.9975787093753626,
    0.0430125305042004,
    0.8998761313017154,
    0.24643593281908938,
    0.21802818371751576,
    0.1279394619631069,
    0.4059686538516414,
    0.2638158338618498,
    0.13829627146927537,
    0.556599288507501,
    0.03232994744292661,
    0.9849467560020164,
    0.724340587992803,
    0.9046912857461508,
    0.7663332861838806,
    0.4022569082803735,
    0.47945454403898424,
    0.40896406507188954,
    0.5345581232072902,
    0.7948407777440513,
    0.8267714363152642,
    0.4838394136256967,
    0.7289943688836484,
    0.0999694798118097,
    0.19328793346020523,
    0.5673871681666973,
    0.1462243851144127,
    0.7912889776776694,
    0.8117268924499534,
    0.11830695361768873
  ]
}