{
  "iteration": 119,
  "timestamp": "2025-10-05T00:31:20.489693",
  "pid": 43830,
  "random_data": [
    0.8121209770320527,
    0.9234983767419372,
    0.9957188168539787,
    0.057201437575306935,
    0.27664532331908975,
    0.5720429495102614,
    0.9485777784267747,
    0.38669223947372433,
    0.7874749984972449,
    0.17671769449208163,
    0.9325278605101395,
    0.5220175599337427,
    0.5872409582547315,
    0.294080212167513,
    0.8243572762186617,
    0.4528521399138753,
    0.07834408842899188,
    0.7072161777472764,
    0.1762697557027475,
    0.13202981240948874,
    0.0044355234618775885,
    0.16970985402128214,
    0.6783109765744698,
    0.7943284886987587,
    0.22464864345352675,
    0.4885501342178984,
    0.4108528332247552,
    0.5201753901051407,
    0.23710968137976918,
    0.6616883053138706,
    0.6896346983559684,
    0.31816516466420597,
    0.8482348437454283,
    0.16531117342483925,
    0.06302174268724203,
    0.3315119825368853,
    0.016274285888504547,
    0.031190023579295012,
    0.2650186304214852,
    0.09256746080927691,
    0.5288954340426882,
    0.7934068937457847,
    0.8883583270726463,
    0.9354389806817865,
    0.9232497568952297,
    0.24573192516661269,
    0.3672579727318065,
    0.813763445197649,
    0.8087775194132286,
    0.24295107239096414,
    0.2853917766598102,
    0.9894625491960723,
    0.17494051003629196,
    0.34010087146751444,
    0.8787969760059798,
    0.04198615283703688,
    0.8375474492626951,
    0.6526197488759161,
    0.5751001881596937,
    0.36313074796612066,
    0.24141582024197605,
    0.2547124859438984,
    0.31493733539283175,
    0.7980284979469404,
    0.8838096970508514,
    0.140804846476683,
    0.4178199811244163,
    0.846757952796548,
    0.06273586639477935,
    0.21849568893354687,
    0.8775803192302652,
    0.5267016130174007,
    0.32534466910429327,
    0.2113583991034933,
    0.32557676024754245,
    0.7729003788338213,
    0.9870895873504163,
    0.5630569782639814,
    0.9400826573789398,
    0.6872400703540362,
    0.7495881066602373,
    0.9365498968634999,
    0.8718804128084428,
    0.11206091533239848,
    0.27601830909920866,
    0.7965488164729366,
    0.9142626572936493,
    0.853363482512145,
    0.39735045995807405,
    0.8347902767224612,
    0.038876346896600134,
    0.6384293134098844,
    0.4233853991358978,
    0.3494757253742399,
    0.9257061513087447,
    0.14089728107297572,
    0.44030300655496146,
    0.8849759572250773,
    0.6762834422543221,
    0.3826208642448733
  ]
}