{
  "iteration": 86,
  "timestamp": "2025-10-05T00:30:11.995150",
  "pid": 43830,
  "random_data": [
    0.5965514433873623,
    0.49018624759102725,
    0.20541793661672347,
    0.3246880864218036,
    0.9772723864120374,
    0.6308600936347687,
    0.7872194055371641,
    0.6144860818695189,
    0.5046877083304901,
    0.7203688314641297,
    0.384204466543558,
    0.20351109495093644,
    0.6730708535134546,
    0.5584165703047899,
    0.625130158531064,
    0.7409889031119717,
    0.5827964265373766,
    0.7321417572206764,
    0.5941958877622938,
    0.7525387866215503,
    0.9198462551601395,
    0.8678369825346728,
    0.882520478331863,
    0.5785846759523707,
    0.9192769570765309,
    0.7271609945141476,
    0.33052838742548885,
    0.6508364305874749,
    0.21496773262032087,
    0.7181059119700145,
    0.518480716853995,
    0.7212132114028639,
    0.8466582001634799,
    0.6980200730422587,
    0.6834581905923343,
    0.8013284074009454,
    0.4626027048238798,
    0.3782917206431252,
    0.8654634160365297,
    0.6847109451119252,
    0.5026113670722477,
    0.49424606288131656,
    0.9744252699969614,
    0.7052328246877964,
    0.8712056448952651,
    0.5238965559714228,
    0.8917110139101643,
    0.35135422200103594,
    0.10206653248798547,
    0.3717934104079835,
    0.24847483195886477,
    0.473455726567225,
    0.3643708261933494,
    0.16227174835164537,
    0.8175218744912802,
    0.5815517380429209,
    0.835248878430646,
    0.2503732071568643,
    0.38047773776416005,
    0.6373750543304223,
    0.6482524799893727,
    0.842952415302638,
    0.6953989889246864,
    0.4030539724280814,
    0.8753606230995163,
    0.18116793650962237,
    0.3809442246531215,
    0.4205259041729065,
    0.5185029862570452,
    0.5157641905678609,
    0.09850952644554556,
    0.10630773324097631,
    0.6374361766253094,
    0.8901968910491479,
    0.1806645778677638,
    0.7977783525115979,
    0.4491077495951339,
    0.7479486688795505,
    0.09871416827425206,
    0.48042927956235826,
    0.6928453561815054,
    0.14501025559811753,
    0.17812903752075737,
    0.7732932126950954,
    0.49103206977244607,
    0.6373851165660342,
    0.5370995917773183,
    0.31969353253193666,
    0.07175421606795329,
    0.5412236730908949,
    0.009582560972873244,
    0.8979541041651433,
    0.14928765823004153,
    0.8961449889288088,
    0.5903176382888158,
    0.19727253456432925,
    0.9693678296903802,
    0.18527161847235385,
    0.5073153059011526,
    0.5793515313344284
  ]
}