{
  "iteration": 177,
  "timestamp": "2025-10-05T00:33:22.924385",
  "pid": 43830,
  "random_data": [
    0.7720796239821464,
    0.5183504098996518,
    0.4686612789922191,
    0.5544533372715343,
    0.040536731088181566,
    0.13621907757326612,
    0.9535351934331237,
    0.9109433453023826,
    0.8194611540534266,
    0.8060915429963195,
    0.9736234571225746,
    0.6707259585391213,
    0.9463529931474439,
    0.05250482305059345,
    0.21979119541747094,
    0.23295148748381822,
    0.3297955971816563,
    0.08498429400352792,
    0.6159116916028379,
    0.022709256929636323,
    0.7986488164602995,
    0.18372341942886672,
    0.6521774889360696,
    0.621741947609119,
    0.24830401507474442,
    0.7398489190601721,
    0.23914062620447119,
    0.5258921478912567,
    0.4643014593860547,
    0.786433496458916,
    0.8886211892962668,
    0.9231819233646239,
    0.1219001478491758,
    0.04295366081908336,
    0.20508993338877213,
    0.8179778943690151,
    0.2115327804883198,
    0.6068054390942517,
    0.46332295809164104,
    0.1664515747912082,
    0.3393238352366853,
    0.21123656104059552,
    0.8692976932087214,
    0.06259017895843433,
    0.2858591631286279,
    0.581906447168794,
    0.35332662920113345,
    0.5863219695325972,
    0.6661738153569258,
    0.038651578556337274,
    0.5802547869270408,
    0.6053865840919234,
    0.595501602633381,
    0.6262986185397507,
    0.9720679366949334,
    0.35013866551205897,
    0.20831913235125565,
    0.02093628998781083,
    0.7475841680868889,
    0.43166535487658986,
    0.016784192274006626,
    0.38251749441804817,
    0.17993019409503785,
    0.37372494313348714,
    0.6989303360570593,
    0.6101898047166301,
    0.0375311473147919,
    0.9957748608886369,
    0.9087265722062944,
    0.8300811179726993,
    0.5760885811586905,
    0.8624000300016261,
    0.8530830530718976,
    0.8608249189413772,
    0.4758487101459491,
    0.02454348596676359,
    0.14262450534910287,
    0.7685804450064432,
    0.39209508818021344,
    0.27584193637127863,
    0.9599776011231861,
    0.9191038885686696,
    0.9329215529551305,
    0.6477608836456641,
    0.1632775233437027,
    0.9566660699891782,
    0.039595893764658774,
    0.39981620043192323,
    0.4939104220217566,
    0.21410577714995316,
    0.037750151236547014,
    0.7907444664832801,
    0.6485028655809507,
    0.3029160753423964,
    0.037527593632289635,
    0.8993978503533889,
    0.8825538447264322,
    0.16679277961601968,
    0.7585909301078906,
    0.1422139421320342
  ]
}