{
  "iteration": 146,
  "timestamp": "2025-10-05T00:32:21.323721",
  "pid": 43830,
  "random_data": [
    0.1227391161535315,
    0.39235643110094687,
    0.9670779864273895,
    0.3609124970729567,
    0.4221030177309627,
    0.675002380733001,
    0.08987197962942628,
    0.1751641533311351,
    0.38901900685766966,
    0.24780849334437782,
    0.8193818329179282,
    0.022379965272402158,
    0.5342367807231153,
    0.6673126838437393,
    0.5548066535163991,
    0.8442473697828041,
    0.8460377512739495,
    0.5751638644184212,
    0.5550579498403444,
    0.5409627825695144,
    0.2533388528787319,
    0.8191520502235328,
    0.404720508564106,
    0.1794674761502556,
    0.4063926469764485,
    0.281492726570696,
    0.17873644267107958,
    0.287927807571318,
    0.16148041418665593,
    0.024948412825161137,
    0.23583823674169346,
    0.19692236016020248,
    0.4212596125504059,
    0.8312447192549856,
    0.4434711204403853,
    0.4192234818734749,
    0.4782758086547739,
    0.8843502355993694,
    0.5561458825290567,
    0.44523635192658284,
    0.7593266470498912,
    0.8017553659005512,
    0.806820028208186,
    0.3371151113680241,
    0.17643318120602003,
    0.9574212319062351,
    0.8878334317407851,
    0.7368060672444924,
    0.4708707576203318,
    0.05669175434748375,
    0.7825609888427199,
    0.3022051730249117,
    0.9634122681605976,
    0.2844525411239188,
    0.5613271618848311,
    0.9307127888239567,
    0.7836940209036051,
    0.7681135202319678,
    0.021509138260131566,
    0.9602134654496505,
    0.84968730034613,
    0.7122546729010231,
    0.6459536679045376,
    0.4817313139248477,
    0.4381086676027858,
    0.6829356857380222,
    0.5782299322001577,
    0.24493950733442715,
    0.9690915751556811,
    0.21907725162503744,
    0.7905999727443462,
    0.9196357238373186,
    0.0973786960502313,
    0.7680733131449028,
    0.974886281224212,
    0.5946821645316588,
    0.09878086676971187,
    0.7778912886614218,
    0.6686062403297014,
    0.326007686810172,
    0.1580627546068344,
    0.3953649679639243,
    0.05130496741783086,
    0.5607823589388254,
    0.6400448023992837,
    0.847199936150012,
    0.6323900639007238,
    0.8976001316588391,
    0.4616409992098358,
    0.006761611949428259,
    0.5033177996075093,
    0.6607204233802134,
    0.4167439352215929,
    0.3327865760621327,
    0.10043090892808104,
    0.6161157351493196,
    0.4021352556604503,
    0.2515862676525388,
    0.5750858593915782,
    0.3729123090102239
  ]
}