{
  "iteration": 90,
  "timestamp": "2025-10-05T00:30:19.388031",
  "pid": 43830,
  "random_data": [
    0.3739148793527144,
    0.4921726469281097,
    0.9626820881499337,
    0.6191217084760869,
    0.11513754433189805,
    0.5736419691154206,
    0.4063484865623024,
    0.844787128938007,
    0.5065279813820542,
    0.13389889601320826,
    0.18212145533062563,
    0.026633813151143215,
    0.18668661444551327,
    0.6337670520779529,
    0.04337724013972166,
    0.7924311613487489,
    0.531875164007193,
    0.2990747826789062,
    0.28024922038720623,
    0.6476767229021726,
    0.3727837213814862,
    0.20216909799553417,
    0.34898559938249374,
    0.4187277553988886,
    0.8665924737978086,
    0.2912913011424121,
    0.4396159962830042,
    0.2123763294145209,
    0.7262075511863227,
    0.4883815515421329,
    0.7813821018656676,
    0.7277517255283306,
    0.23786162536146782,
    0.5348320326101712,
    0.05938156373711456,
    0.9422900386156248,
    0.39748421884555485,
    0.870990165118576,
    0.6215528217574372,
    0.8213190515338379,
    0.46641926823977997,
    0.4043712509729507,
    0.12561231909135562,
    0.0039228691221284695,
    0.5337762714326452,
    0.005248230285669897,
    0.4352424065230648,
    0.7391239553592597,
    0.6615298104252456,
    0.7835360937609142,
    0.8551536477379468,
    0.03979515001374412,
    0.29388950512973766,
    0.4695882211850233,
    0.04646714533627472,
    0.38206978281634973,
    0.46807682776239057,
    0.25715257350999743,
    0.037187781847680124,
    0.38568191140558883,
    0.37265873365250135,
    0.08671822798501994,
    0.9238955017454367,
    0.6669367022667395,
    0.6873712246912336,
    0.47778570291320743,
    0.18691424182682248,
    0.6990483980541172,
    0.9948453690011673,
    0.49847604729720596,
    0.8547824315457457,
    0.5949990481291083,
    0.8116076791077294,
    0.5022210173077776,
    0.5146473802442703,
    0.003290644929754727,
    0.3157057370546692,
    0.8629348425866677,
    0.46394005393377724,
    0.25201235623329354,
    0.5614441046117996,
    0.20499985579531932,
    0.6023982533042265,
    0.16844643272938875,
    0.3719164990975361,
    0.4791022578922314,
    0.17932666008570808,
    0.2932178897861504,
    0.5275124825387045,
    0.6246835218300422,
    0.9397560175995282,
    0.3002386488431179,
    0.7929721681867887,
    0.6012131819033827,
    0.3570412403698745,
    0.3740751941273768,
    0.4736308533442002,
    0.47400750593950947,
    0.7848400117410012,
    0.6834065687580385
  ]
}