{
  "iteration": 150,
  "timestamp": "2025-10-05T00:32:29.586850",
  "pid": 43830,
  "random_data": [
    0.48809470152710766,
    0.06745500110443992,
    0.1792319115787615,
    0.2465018184367337,
    0.9673242401576322,
    0.5353463746376712,
    0.9884234120427131,
    0.5632628688838434,
    0.5843954166444637,
    0.6895162224337329,
    0.4198806215213914,
    0.5359949407868302,
    0.5817865631251005,
    0.8060626170658931,
    0.5860965185532361,
    0.6476449848821186,
    0.9594336361987053,
    0.804556040335978,
    0.5360346706663758,
    0.8085386069612288,
    0.876588651458708,
    0.7718713999209059,
    0.26884373338512,
    0.47706691673916846,
    0.10982703052070253,
    0.5799152996529067,
    0.0013888078801395087,
    0.8573103419164507,
    0.9255068275095214,
    0.1419237634918138,
    0.82406646364488,
    0.588252409545693,
    0.18949821146634493,
    0.5335760115937346,
    0.4414213339103221,
    0.6510329680703776,
    0.4708932981208992,
    0.5470759528416874,
    0.7722652204068768,
    0.129538284239882,
    0.7099501665856683,
    0.9175621044729437,
    0.19154320521144885,
    0.21014741516379043,
    0.9260210243408462,
    0.35168020888196283,
    0.6082175495258018,
    0.7866712564152916,
    0.03009491047174606,
    0.4141064388299278,
    0.4415894964605671,
    0.42075217318114044,
    0.4419336269455648,
    0.42542412243018357,
    0.028004657536773947,
    0.0540268595276816,
    0.25860993220622386,
    0.7656825443379349,
    0.1372758251869588,
    0.3965238898306356,
    0.24231192740222618,
    0.013617471549621118,
    0.9097749020643502,
    0.29248510930217264,
    0.36732852200079624,
    0.9148265883375477,
    0.7706967043737615,
    0.37050297242376695,
    0.3453195048820725,
    0.8526614645110975,
    0.5238786810469389,
    0.7989630955198512,
    0.066452945940776,
    0.795054477740636,
    0.9822272968512853,
    0.31791267249760724,
    0.7643873499245134,
    0.20093505481227225,
    0.34063836925274327,
    0.8538713979542562,
    0.44851534989566555,
    0.5636186375032808,
    0.047765154657886555,
    0.18244079743942776,
    0.5422283484976345,
    0.2976479871858093,
    0.39834416469462564,
    0.29268058877913306,
    0.0009488783467233031,
    0.4764426289023168,
    0.22768779713502874,
    0.017509141959869412,
    0.5887735991227993,
    0.010199932107961107,
    0.5749257253015303,
    0.9585087615458082,
    0.9669800640486661,
    0.5379332499059021,
    0.7964478381446027,
    0.4125687818570163
  ]
}