{
  "iteration": 200,
  "timestamp": "2025-10-05T00:34:08.500057",
  "pid": 43830,
  "random_data": [
    0.5133539039416442,
    0.9757075986969609,
    0.08814097330172599,
    0.7386576733095926,
    0.9865756048716544,
    0.9318816479520247,
    0.32656450410526483,
    0.08523876637615657,
    0.24950361530644038,
    0.9198087131032829,
    0.0035380561154499945,
    0.7565645320316201,
    0.6761927906020352,
    0.12211850648338685,
    0.17307323021258048,
    0.23723376364538906,
    0.13832602127715599,
    0.073763963499615,
    0.7001339560679501,
    0.8611904513590903,
    0.7690714604946755,
    0.036103530775494,
    0.47213231851146087,
    0.7209678919730765,
    0.4712677113020698,
    0.015519536882288576,
    0.2675654829631604,
    0.1903337244543869,
    0.3240103561052283,
    0.4893560698905687,
    0.518448741668648,
    0.5079498768606672,
    0.9400199917547983,
    0.2752653247819088,
    0.010795437638800753,
    0.4335955094422794,
    0.6063006722649434,
    0.413700997780858,
    0.4298395955349079,
    0.888860630502056,
    0.9621976382187448,
    0.7102083971643084,
    0.8710204051093106,
    0.9413289439271886,
    0.16977453035159307,
    0.28589550094331284,
    0.5079857307692999,
    0.04824004619122457,
    0.3086548992653213,
    0.31740287123137745,
    0.43118057012474187,
    0.48879661850640155,
    0.4845094933190346,
    0.190426747175104,
    0.01776926402825063,
    0.0031610498011780397,
    0.24119421491273874,
    0.5630938318100969,
    0.4680838981006016,
    0.4507475489870404,
    0.20291437419274627,
    0.7745577481899201,
    0.4027403507030898,
    0.6915776366884654,
    0.09613816465532732,
    0.8379228092897236,
    0.5656433147837812,
    0.08363797168844167,
    0.17899210352314576,
    0.7566592517391957,
    0.3838059791879289,
    0.94416513956554,
    0.3283816415067019,
    0.014758378245336878,
    0.17037787369293766,
    0.4266359895865114,
    0.8466942370252794,
    0.6952720523949218,
    0.3083138989783084,
    0.43292729890253845,
    0.03358621981102572,
    0.841598656275211,
    0.6301291816325018,
    0.22270601940889523,
    0.6543593485219515,
    0.27464732989725416,
    0.7273781753091111,
    0.3109627875223301,
    0.04544897766601974,
    0.2531539022269934,
    0.6990643624675577,
    0.5951434801775678,
    0.9799240567827697,
    0.9124881762190118,
    0.5862882809993413,
    0.043313978988633206,
    0.9297858804563666,
    0.15393951634898762,
    0.5567530622970098,
    0.9250807346850568
  ]
}