{
  "iteration": 132,
  "timestamp": "2025-10-05T00:31:49.833743",
  "pid": 43830,
  "random_data": [
    0.987357946616053,
    0.20531662598016054,
    0.05922826903346834,
    0.6774425148857047,
    0.09622065775864685,
    0.054090054323944536,
    0.91076079483633,
    0.9010306417772391,
    0.8069978352894714,
    0.9662343086990856,
    0.9806798984419213,
    0.931416647340082,
    0.6775512556353518,
    0.6746278034506984,
    0.40135742868949065,
    0.3534177077595472,
    0.22825344317619733,
    0.8472019428937331,
    0.428299362099542,
    0.0651077664169798,
    0.16346143628059762,
    0.11649204803700486,
    0.5949194916735223,
    0.16464788923956442,
    0.5579136193525365,
    0.5160262218575439,
    0.12908974467662704,
    0.5820273981903357,
    0.600302027654671,
    0.19591436121446604,
    0.7398369659514155,
    0.7766000185504043,
    0.8098706320991377,
    0.24459132551672746,
    0.5069848331592003,
    0.24308833431371768,
    0.47643261230727774,
    0.7182047189827364,
    0.9130603247137823,
    0.5263988826021851,
    0.08511267802802791,
    0.15530463612772993,
    0.6318927059357105,
    0.6044966196078202,
    0.8880018501601612,
    0.34369739374779884,
    0.38055630579381683,
    0.0919757190700079,
    0.3302184665958605,
    0.02898692479193221,
    0.4914492547833217,
    0.17575109429840874,
    0.5160009118841494,
    0.6871801444778595,
    0.8026853254452364,
    0.6476637915673635,
    0.09993533159281565,
    0.8178157669490319,
    0.6590370975654536,
    0.4751364485706322,
    0.5627072148972145,
    0.25351989700998123,
    0.05489526770214592,
    0.051144922184685915,
    0.7454573568526517,
    0.5140942474527934,
    0.5254742211874311,
    0.5460691812826783,
    0.8094216931854307,
    0.07585866711563194,
    0.37887452872868976,
    0.3161386209703577,
    0.3356776108098418,
    0.8186986539030575,
    0.21757427179936295,
    0.8911565630167516,
    0.851494584722934,
    0.5558495700425187,
    0.41783014613756475,
    0.4612499110575593,
    0.8760956482189629,
    0.988685565137469,
    0.22463938263288563,
    0.09552230272642515,
    0.24722062858573124,
    0.6144554318175914,
    0.46475711880423054,
    0.8083802719035761,
    0.020131344116580907,
    0.19317697409386692,
    0.06946432017885351,
    0.3808370665841231,
    0.9657680700461683,
    0.363194422199692,
    0.16416265913145367,
    0.12413395126057603,
    0.2842674308954031,
    0.23823202150867795,
    0.5111599250308729,
    0.7320180623668624
  ]
}