{
  "iteration": 88,
  "timestamp": "2025-10-05T00:30:16.027263",
  "pid": 43830,
  "random_data": [
    0.02558792379425956,
    0.48752037143988314,
    0.31042825589884904,
    0.8327121734390908,
    0.13791112429806984,
    0.07413525602829829,
    0.1118892899344649,
    0.4952225554770937,
    0.505795370522318,
    0.7704883395436203,
    0.2487238716115011,
    0.6536198052482296,
    0.09485993075674615,
    0.9108485268771146,
    0.9797135095035331,
    0.15857763508978817,
    0.9515932306668118,
    0.9421662584012697,
    0.5731772205282553,
    0.6145283113979437,
    0.8644712397177926,
    0.6786691930757538,
    0.9900780336154872,
    0.11663415338166938,
    0.7784968252975346,
    0.0740282717269043,
    0.19585998643154512,
    0.8302986608515597,
    0.7480895182737499,
    0.8215566372932849,
    0.4386219319849627,
    0.6789291133529587,
    0.17755900159161153,
    0.570126924122669,
    0.6454919535503183,
    0.585356386787983,
    0.4269398538429162,
    0.7544590810214437,
    0.19200812527789946,
    0.837842265997468,
    0.6653596285806119,
    0.23436405916166858,
    0.8891059019897423,
    0.48135434497012763,
    0.5690799473341337,
    0.24612728487283086,
    0.7468830195293964,
    0.7114354244907322,
    0.22642258537368576,
    0.22069253775141617,
    0.07107903879014121,
    0.5379582953585045,
    0.6603973445711926,
    0.7553252915071994,
    0.6752575068690911,
    0.9266707434251668,
    0.7013555136810276,
    0.17726935300486657,
    0.7170589120132494,
    0.23689169566267743,
    0.4092305473998593,
    0.9830926152949657,
    0.07708328380960716,
    0.9130140330497808,
    0.2654650879487962,
    0.2866890421640197,
    0.8351493287566663,
    0.34261872543530025,
    0.5855388386195839,
    0.5670890267601403,
    0.5229805286181417,
    0.6660371892294225,
    0.31238544051580885,
    0.9291629750342084,
    0.8401038741260012,
    0.468921208187851,
    0.516314465473976,
    0.7255970451792418,
    0.5269827658006527,
    0.4662815632379105,
    0.7220046534332191,
    0.3542576079030393,
    0.48567438820173114,
    0.6935010705301757,
    0.31755691121430274,
    0.7164957771222307,
    0.4896999604093738,
    0.5821973763518161,
    0.8737808551884606,
    0.8889995582032093,
    0.39514462920207083,
    0.7272578301413766,
    0.7107708423185914,
    0.8874532674696385,
    0.15599906922438156,
    0.8565111201617511,
    0.7884497856314122,
    0.33892219093303,
    0.12776899625891902,
    0.8236646636033037
  ]
}