{
  "iteration": 158,
  "timestamp": "2025-10-05T00:32:47.090571",
  "pid": 43830,
  "random_data": [
    0.7724039408077256,
    0.9469609009171739,
    0.078000855651855,
    0.7733821580130611,
    0.9160942523656016,
    0.7639692050955214,
    0.2445851881052138,
    0.26529552325686034,
    0.6930644050945188,
    0.057448533507117316,
    0.6084540468064639,
    0.06415631771353203,
    0.3164227794689991,
    0.866082583667442,
    0.9798469460531495,
    0.4429068800266055,
    0.48215128693527043,
    0.9893127493010268,
    0.21077237501611257,
    0.983709453620525,
    0.5958718731999779,
    0.6395227712109491,
    0.317871122837749,
    0.06749324165611925,
    0.1591903764485103,
    0.3274355440404695,
    0.9939761002545154,
    0.7462090477928248,
    0.021861544040087,
    0.0342143980842482,
    0.3467672053219323,
    0.2560918289994605,
    0.2982192517043547,
    0.016130440812530678,
    0.20129342057976496,
    0.10429328332561993,
    0.43424512445496954,
    0.33071027968901434,
    0.996060960012605,
    0.8234394686595266,
    0.9076038704452489,
    0.5484239770254856,
    0.7012033199331553,
    0.6312104187188032,
    0.20607112056205001,
    0.9534362199352883,
    0.9973640159237331,
    0.5135653226907168,
    0.6322364740309002,
    0.2906618346691465,
    0.4576508463910951,
    0.3415257305895686,
    0.6149424996030979,
    0.6276080730108925,
    0.09430510100323364,
    0.5164291138288807,
    0.9826060831110591,
    0.6538784851501811,
    0.049995502800988856,
    0.49893793569781386,
    0.8402006640677959,
    0.3905749900650425,
    0.4446559399528405,
    0.7588848193875202,
    0.8757114785954737,
    0.030524027600159154,
    0.8931950935597777,
    0.6386688099982905,
    0.8461732472227617,
    0.3371365341329149,
    0.12562129094779484,
    0.8530754040624319,
    0.6910084904379354,
    0.7925387866537256,
    0.6868975197284215,
    0.45139627424450446,
    0.9997454186691986,
    0.5194022300148381,
    0.9480219193815965,
    0.2918949415961676,
    0.4270744621179323,
    0.9851348025700212,
    0.03894263373476514,
    0.8560003418274817,
    0.11794547683545031,
    0.0020725411512283465,
    0.23039518528896763,
    0.7465942599665985,
    0.4159597866595214,
    0.9045953766231265,
    0.2525377399027591,
    0.14054358733224803,
    0.6441825066743001,
    0.8488657518264379,
    0.8701123006937939,
    0.42160298673592955,
    0.34101235007273867,
    0.06551922401977894,
    0.26467077866593813,
    0.03029921913162581
  ]
}