{
  "iteration": 112,
  "timestamp": "2025-10-05T00:31:06.848355",
  "pid": 43830,
  "random_data": [
    0.2574980252826671,
    0.07314113134936451,
    0.06689866419751633,
    0.0688054487363805,
    0.2107735802845051,
    0.848921247829944,
    0.43075126873292235,
    0.46498744001859693,
    0.3747616419994986,
    0.508849208390533,
    0.29691824718764925,
    0.48824568848036687,
    0.5788265261957628,
    0.5125144316336212,
    0.8129599801943098,
    0.19939100769399543,
    0.0725796425998998,
    0.8508330003137615,
    0.04856039098952236,
    0.7655149060251439,
    0.42723511089530086,
    0.8819714069738432,
    0.499378893744181,
    0.8284751591285509,
    0.3326066726532023,
    0.539259706912432,
    0.01967837136574946,
    0.905408319377514,
    0.6719132195440247,
    0.21702051569043823,
    0.27636569994037896,
    0.21092780146438284,
    0.8737341718732113,
    0.9746010581581545,
    0.5413788087175954,
    0.9615225624532785,
    0.9262661690800568,
    0.6638724718115466,
    0.9689819237926075,
    0.6324300249523068,
    0.2649883970998732,
    0.08420136370412712,
    0.5613063769206079,
    0.030826331514943628,
    0.8837987079133851,
    0.10513206911080575,
    0.8338607344022032,
    0.7283394321416605,
    0.6276475240701502,
    0.03682384280850581,
    0.8203837096637916,
    0.8247166110629879,
    0.6277055087927677,
    0.9230834886725138,
    0.7197452107003478,
    0.23516144969038377,
    0.08801361442416689,
    0.7886519380532102,
    0.5007718648503969,
    0.9042392351057216,
    0.07158752096736887,
    0.587541399919998,
    0.9466340172780362,
    0.5205811685147371,
    0.27925832423685915,
    0.6196529663929334,
    0.32497613804711034,
    0.22393854039267835,
    0.6708217833919853,
    0.23875808296085343,
    0.46907877003650533,
    0.10063752155959282,
    0.43880937273723764,
    0.7524039223255786,
    0.7009130208669725,
    0.2340476111366966,
    0.9993609774792448,
    0.925663767555727,
    0.008379665415553683,
    0.6079497013604331,
    0.25211721860383063,
    0.9194764154737933,
    0.18807950047095623,
    0.16614605617025957,
    0.329542327794925,
    0.05344534623031183,
    0.10906909951701205,
    0.6067310183726686,
    0.29258204368320284,
    0.0015760994352009838,
    0.41419844001178574,
    0.4213251409246357,
    0.13289530881598977,
    0.6287783592541815,
    0.5639381919304838,
    0.7602353688536065,
    0.2802179132762087,
    0.17615521276404555,
    0.8537015967577213,
    0.08701109467058765
  ]
}