{
  "iteration": 133,
  "timestamp": "2025-10-05T00:31:52.004193",
  "pid": 43830,
  "random_data": [
    0.7930009947132506,
    0.09174193054303148,
    0.08188756664423003,
    0.49597776979037644,
    0.9083872921260144,
    0.011758992285859193,
    0.6495502814624116,
    0.5932856486224654,
    0.8203316637849194,
    0.31319938832829797,
    0.6790330026503817,
    0.666314505183018,
    0.5102243954181493,
    0.6232114951115781,
    0.7274002678415235,
    0.5016285429102084,
    0.04234082243536841,
    0.9403441742946038,
    0.7985137794664792,
    0.7915468319082112,
    0.5432913796381993,
    0.6799370907002216,
    0.11641841275771625,
    0.48560503701152347,
    0.568611274540232,
    0.5416367021264655,
    0.8554378576917582,
    0.6428275231972268,
    0.1470107393398178,
    0.28816615160626435,
    0.8294228800242649,
    0.8617246697785248,
    0.8113552009618835,
    0.9552202011531125,
    0.5755217207305859,
    0.5697059742532333,
    0.21031827410459047,
    0.4105937760846037,
    0.02566170006814905,
    0.28172015451845167,
    0.517942683382712,
    0.33584367356390465,
    0.45101533660668736,
    0.7146261130361888,
    0.6836389897731986,
    0.09653622004986562,
    0.12659674496443107,
    0.6224825208597168,
    0.31892600561130413,
    0.30336103677683934,
    0.5030577153062606,
    0.9905188142941278,
    0.1839695157757094,
    0.7929085658866973,
    0.313129554933953,
    0.8111975571571427,
    0.6878837581286704,
    0.13790710681865315,
    0.8493439076107036,
    0.8070433036872467,
    0.2558396468324574,
    0.689538376495711,
    0.5021407826393997,
    0.007102779882362853,
    0.47381834495863795,
    0.9966518385594694,
    0.9520731573893333,
    0.9324299297590557,
    0.27625744961194776,
    0.19326821233065083,
    0.2993498002386047,
    0.3205060896626669,
    0.17014779648457024,
    0.2795958936039178,
    0.4927794421038768,
    0.6810797485770838,
    0.7144785334746077,
    0.08598436829320466,
    0.38295996382832265,
    0.43694230893597596,
    0.23251360384820863,
    0.7598035349250561,
    0.6471288127003366,
    0.6983457485660367,
    0.005035169458012745,
    0.2486958441791044,
    0.2874521751861322,
    0.36234650414830905,
    0.673873804206059,
    0.9438437580525493,
    0.23393744264356686,
    0.0952052705711447,
    0.8459245978290317,
    0.0724030217841316,
    0.3667878134189313,
    0.40553698139835337,
    0.48572657828296617,
    0.40802737319561677,
    0.17643368771057122,
    0.15687497665050876
  ]
}