{
  "iteration": 104,
  "timestamp": "2025-10-05T00:30:50.450779",
  "pid": 43830,
  "random_data": [
    0.5967626289508735,
    0.2827545277117869,
    0.013319861940765287,
    0.8679437300775806,
    0.16796608081560127,
    0.7191235816532754,
    0.8016565387593081,
    0.24108751067871848,
    0.2144861677250237,
    0.12955034794974374,
    0.362115376885484,
    0.10548580591909862,
    0.39196189716430985,
    0.19460135135043966,
    0.38057307530603524,
    0.814903006529497,
    0.5863580439664275,
    0.5351598875344452,
    0.28045887128429436,
    0.05938669006188013,
    0.5042938109780772,
    0.2613965036552939,
    0.5291421212898304,
    0.9906761932099591,
    0.3100141813891052,
    0.6320422120524976,
    0.21668054113066293,
    0.8502504687432382,
    0.7691567161285879,
    0.4005759423820303,
    0.056292574548205465,
    0.2585744307109237,
    0.289365790401267,
    0.2237298527585999,
    0.8782429592548405,
    0.9053140616932047,
    0.30712016351891236,
    0.6793949547305556,
    0.6099976783839316,
    0.25336607097706865,
    0.6829852639672335,
    0.4609985748225799,
    0.5606460163921245,
    0.6108912752740963,
    0.8049388870936685,
    0.9897965726336099,
    0.4214466075815737,
    0.6897234281654401,
    0.05822414450916891,
    0.020129587572235597,
    0.09107782230950912,
    0.2575944381838685,
    0.7969449640845334,
    0.8986904735159854,
    0.6753900414863673,
    0.2675855791845765,
    0.23273810258296546,
    0.9473824121082927,
    0.310583109568373,
    0.4488793799738099,
    0.051873240212364724,
    0.2217972991665026,
    0.7041951885464305,
    0.6999250541347543,
    0.25733680417359395,
    0.9032610370511146,
    0.3001513131411395,
    0.7257653825294513,
    0.8625281719427975,
    0.2313550323290433,
    0.1180782899276438,
    0.7221329890746411,
    0.312693772559968,
    0.6866217562649479,
    0.767517562210046,
    0.5434453716165929,
    0.6484687392871261,
    0.4146909051528773,
    0.49291282574067796,
    0.01786404903256289,
    0.9006101205263997,
    0.8114840257205632,
    0.07955152958674472,
    0.268607962356859,
    0.3680693162382832,
    0.9066165646589643,
    0.6848387406525017,
    0.4180145993668337,
    0.6720827359555097,
    0.6391799961818486,
    0.4074274822170647,
    0.8394206060445513,
    0.15708816277311322,
    0.6039122305035002,
    0.30607548767043413,
    0.2490552953342875,
    0.9214728705097773,
    0.93803945272013,
    0.23989002208538046,
    0.29618435225174466
  ]
}