{
  "iteration": 204,
  "timestamp": "2025-10-05T00:34:14.648241",
  "pid": 43830,
  "random_data": [
    0.17478935605384194,
    0.9171518595246672,
    0.3342315040059074,
    0.5202231734371863,
    0.6064065718306302,
    0.1638900190627529,
    0.7974406638175608,
    0.09890206698601745,
    0.9026674301432936,
    0.7579930163314194,
    0.7256317321185095,
    0.934663089546057,
    0.9723435258736716,
    0.5150026965470641,
    0.7681168440989299,
    0.47041854980090925,
    0.7532311140826518,
    0.23670331920156706,
    0.16847941126314236,
    0.03317109204935331,
    0.48077731688033265,
    0.49279684834907855,
    0.07802808842011899,
    0.4407521471332382,
    0.1301497459446973,
    0.3152841048297036,
    0.07942165653137001,
    0.18306321457101304,
    0.10650455049214036,
    0.4252504213974426,
    0.021408978871197526,
    0.2072798693922987,
    0.7770141139703244,
    0.9375275998669801,
    0.7880167845767351,
    0.16362232049366132,
    0.3121162012642854,
    0.4113747566479733,
    0.23991496527211886,
    0.03465679889633877,
    0.013688646441088581,
    0.09122380842176714,
    0.3610864603849403,
    0.9275874815679254,
    0.5194616575740941,
    0.5879691235932166,
    0.040891163472648207,
    0.9759284907736816,
    0.04623640235974069,
    0.05352934767069717,
    0.1857719255585345,
    0.38571965259748986,
    0.03277424058195155,
    0.5282872154575484,
    0.6068158644505943,
    0.4977677963655147,
    0.23390015968825195,
    0.07990626512275567,
    0.3977818318896108,
    0.2690405894126212,
    0.7773530342527827,
    0.3568758694894748,
    0.9510675941051036,
    0.23808436559814417,
    0.7269158732680975,
    0.5367454186283748,
    0.43153424977752697,
    0.9169711716422296,
    0.3519535940300986,
    0.6486407131601664,
    0.1505934951137997,
    0.06405627433819094,
    0.8604782178091603,
    0.5202323282877352,
    0.46481873333237533,
    0.7699691767337629,
    0.31316832796328886,
    0.5442521994110944,
    0.521470845243451,
    0.5134257704822698,
    0.45863200475442867,
    0.8591553122251379,
    0.7818358134839213,
    0.3301909934278314,
    0.14395943868804995,
    0.6594193460554848,
    0.48210378903067497,
    0.5582450281543965,
    0.34797822002364853,
    0.24125624885400943,
    0.314638843829537,
    0.5200569642708216,
    0.8765899598276143,
    0.8751613545104682,
    0.8349283614853611,
    0.8646093227549368,
    0.22046671523521932,
    0.6759581866233058,
    0.3261596337391933,
    0.05274369601922724
  ]
}