{
  "iteration": 196,
  "timestamp": "2025-10-05T00:34:02.050167",
  "pid": 43830,
  "random_data": [
    0.6833477356508582,
    0.31150612076038775,
    0.723518063105608,
    0.8976701539365228,
    0.8246619798162294,
    0.631122399251309,
    0.6511732996807601,
    0.3674076320567442,
    0.6046476406787057,
    0.49001866806231753,
    0.9530633605711444,
    0.823219281237823,
    0.3196733501812553,
    0.4478937881357081,
    0.6861409035275151,
    0.06118078649991954,
    0.1838190493883729,
    0.3202607026316352,
    0.5683282960209719,
    0.6855157492249012,
    0.5889909070339538,
    0.6537334722693273,
    0.16351805242334227,
    0.9568052698012796,
    0.9058605094090711,
    0.23675673576979817,
    0.9691140277545229,
    0.4251283581140576,
    0.200861203567668,
    0.3102035665024713,
    0.5602991759458148,
    0.1314402218332994,
    0.7905937606478842,
    0.1756538237692843,
    0.9533708958496013,
    0.9949287587132027,
    0.3890045659406519,
    0.7117891832988231,
    0.035368314112673604,
    0.6080672665863198,
    0.7411251554812864,
    0.9105364061326116,
    0.5183513962731155,
    0.020781809861429634,
    0.7300802898488976,
    0.9523258312708522,
    0.9636558971735203,
    0.6791637792708458,
    0.1607160562509402,
    0.5820592154588594,
    0.7464550556178121,
    0.6939031060709491,
    0.7133787661868615,
    0.26617039445218504,
    0.46278584833725145,
    0.1307257683935581,
    0.4187269085822487,
    0.8002732512393341,
    0.08980258184782375,
    0.23023505066891337,
    0.7835978845916297,
    0.5980566978037937,
    0.43981548887828636,
    0.8466814916774705,
    0.0725015720932034,
    0.1689683310433132,
    0.6024704298318818,
    0.8231066438810026,
    0.7006846428087818,
    0.6773294908050501,
    0.1648922106532812,
    0.5410146955724195,
    0.4917777021755061,
    0.04304951847021887,
    0.5161545995307673,
    0.21589455766042143,
    0.7737465216113327,
    0.5024007882674003,
    0.4756826185655154,
    0.5942463933635064,
    0.35027330540702784,
    0.15990703189063882,
    0.41602844031271824,
    0.8444120095739437,
    0.9867369302309059,
    0.05831657021924663,
    0.2617812782509703,
    0.31813683016235306,
    0.933286039271717,
    0.8055604888618503,
    0.5770315020357712,
    0.32901143404067845,
    0.8512867245238498,
    0.8036131817703472,
    0.867447859905282,
    0.8662432523882025,
    0.9911927315645163,
    0.31424978115571056,
    0.8972317054052206,
    0.6751164198699459
  ]
}