{
  "iteration": 164,
  "timestamp": "2025-10-05T00:33:00.643408",
  "pid": 43830,
  "random_data": [
    0.8038467605579501,
    0.9996136091366257,
    0.2938962271281256,
    0.10611719951862641,
    0.8937394190053665,
    0.15452478515266532,
    0.512237899630974,
    0.7154197697301989,
    0.3530853610672898,
    0.550284629977509,
    0.22130838413139942,
    0.06023741067641475,
    0.2325729158427724,
    0.8753408784467194,
    0.7256055790113486,
    0.8706713098530068,
    0.27421516566969506,
    0.617244952021052,
    0.4133449409165839,
    0.7644972313923902,
    0.9812132786234014,
    0.12846127514290173,
    0.3469024848083667,
    0.7232615112254334,
    0.1492293132685132,
    0.8262501335781685,
    0.9565539130980341,
    0.4012425458505935,
    0.9194283940210176,
    0.8615657964089618,
    0.6690611185280371,
    0.13706368783602807,
    0.09102734097630061,
    0.746783349321947,
    0.5484926057227301,
    0.3731027925182633,
    0.29964657196289946,
    0.7258874592270456,
    0.4057370556872846,
    0.42832898396442853,
    0.9975345237887562,
    0.7077113461169975,
    0.06777614445313485,
    0.7671058595784026,
    0.7866752464265035,
    0.09957652415388063,
    0.9811140895598665,
    0.2319305098185922,
    0.16109252701569943,
    0.40369443872701993,
    0.8797771828005281,
    0.34053258834807487,
    0.5557759416870486,
    0.44694746720314127,
    0.02343090408847448,
    0.9860268171556051,
    0.4630024137679586,
    0.13455604572579383,
    0.9824438095568153,
    0.5600001099817518,
    0.3494373300396437,
    0.9755512736068155,
    0.2215189683019807,
    0.017101393224941086,
    0.06818750050856304,
    0.8971220755274713,
    0.3289242765168201,
    0.5793950816027835,
    0.43677644468302723,
    0.07804581248578779,
    0.7830767870219826,
    0.22959031711161204,
    0.26523784814413776,
    0.21642537007830487,
    0.07961520562610191,
    0.9482377301254484,
    0.20713700263724144,
    0.9423802290783682,
    0.4679920843356207,
    0.45189510148606526,
    0.6376964526712716,
    0.46067768115798147,
    0.13649035384064956,
    0.8894378107337577,
    0.028319318983626496,
    0.3089302727464287,
    0.7590087311114161,
    0.7997869666714035,
    0.6034685719271591,
    0.1672967303234172,
    0.9214657799687043,
    0.16728715458040422,
    0.41886623744089735,
    0.5570008606936553,
    0.5183979985841202,
    0.4206042709074309,
    0.0752979334663324,
    0.9748230630160154,
    0.9665583958705701,
    0.5601828958570112
  ]
}