{
  "iteration": 109,
  "timestamp": "2025-10-05T00:30:59.443406",
  "pid": 43830,
  "random_data": [
    0.4636604329167552,
    0.4064954793353879,
    0.8376785862697347,
    0.9234177288870055,
    0.8246567455514044,
    0.5147615608041236,
    0.6251372218281078,
    0.12288272204035178,
    0.8785265915515348,
    0.7908476232203733,
    0.3517660040812086,
    0.9822945076166895,
    0.12263489028265062,
    0.8891421116871343,
    0.3019335782519721,
    0.27279886321900504,
    0.06606107035996556,
    0.7705191582229701,
    0.08847867879046467,
    0.525223994741931,
    0.1560346043766212,
    0.34925132492501265,
    0.23621958726951398,
    0.46186363532388397,
    0.6279202615052153,
    0.20199606716010032,
    0.4594239437230725,
    0.3728692220739728,
    0.5547106427953004,
    0.7745165141489366,
    0.49488163005154595,
    0.8323074054533958,
    0.017342175280324668,
    0.542880879333175,
    0.6887167214692556,
    0.9839143674320588,
    0.2831864952847477,
    0.403938006917396,
    0.5271485568193666,
    0.8546689081606129,
    0.6065541985186965,
    0.8958530005710812,
    0.34943045026395525,
    0.5602489863164377,
    0.423295956744411,
    0.2563110916923981,
    0.32742269311265515,
    0.20589036925640136,
    0.33338554993146186,
    0.38688235778327007,
    0.330046343854252,
    0.8968316704384791,
    0.06679140017120666,
    0.4172681011302659,
    0.4268987295212381,
    0.1066025032443596,
    0.6804601638830617,
    0.7636759826973006,
    0.9958400423413848,
    0.49270446418601277,
    0.7590250521866727,
    0.7075506698033838,
    0.914811129364333,
    0.10973377219596236,
    0.7253423229712139,
    0.5028519783072274,
    0.8007236159500396,
    0.7954650023998311,
    0.48693421499631273,
    0.07693692906759941,
    0.045033318427246005,
    0.7431970422409447,
    0.7232709662112953,
    0.5309130599597597,
    0.14267330587278937,
    0.39146373580844285,
    0.3013904629568783,
    0.182864641852157,
    0.03884162821819526,
    0.29280822873597756,
    0.6922888031466038,
    0.9329528304996838,
    0.17645488690728517,
    0.5154041170902973,
    0.9327444744307829,
    0.3716715400001661,
    0.7182397026898591,
    0.4683783887428379,
    0.5160517569372296,
    0.04951443664132227,
    0.6818830961412796,
    0.337014192185089,
    0.3729014245179988,
    0.8407584439982928,
    0.9843532851562927,
    0.8012862613720555,
    0.9941979235560354,
    0.8053556966813754,
    0.9866717429300252,
    0.45329558843489115
  ]
}