{
  "iteration": 197,
  "timestamp": "2025-10-05T00:34:03.377481",
  "pid": 43830,
  "random_data": [
    0.6618878777851258,
    0.10842591521371459,
    0.8138906569021919,
    0.3815010590474719,
    0.6081727284571067,
    0.9393540189359454,
    0.22029227480012104,
    0.9996356932746339,
    0.3255791302591904,
    0.506367561877276,
    0.8310553957038878,
    0.5502447743507277,
    0.7972733383279482,
    0.42304224515308675,
    0.5997986938364487,
    0.8903306758817889,
    0.062404218375737175,
    0.6874416859217268,
    0.22878495170437207,
    0.5081138104144897,
    0.907765305058064,
    0.2841017889663008,
    0.20322494896895815,
    0.6471349292956872,
    0.5302768986949742,
    0.34007106240140494,
    0.005846625655680171,
    0.13957012341301744,
    0.8571088038351229,
    0.8859197904742315,
    0.006647512529691757,
    0.05493273101177498,
    0.36852206588364533,
    0.20428280695964707,
    0.6142613977050052,
    0.6039718484511563,
    0.03157145198993394,
    0.9074670458378113,
    0.8478773953523698,
    0.17698245647261335,
    0.5590194261574003,
    0.4783028669762034,
    0.9994246856662123,
    0.9351892535669183,
    0.8970296774514628,
    0.0816555251751161,
    0.991296998537951,
    0.9764909727760951,
    0.6814855606434611,
    0.4564519847606143,
    0.4019600751787117,
    0.7381054591290791,
    0.49682427528836925,
    0.7115543953329106,
    0.5812871550509088,
    0.15845256903782534,
    0.5965171344289808,
    0.7067312418797915,
    0.25555166295794607,
    0.05196035484359418,
    0.4347594863537766,
    0.5049522683827344,
    0.11220438868113769,
    0.0037421867516063134,
    0.23545059606021956,
    0.678158106899363,
    0.06576035572788053,
    0.9351914050931627,
    0.6489919993184196,
    0.7562282464006642,
    0.6790124441296285,
    0.6766127219535027,
    0.9164920465056647,
    0.6968389596048884,
    0.09478073685605848,
    0.2709061588633793,
    0.3179896037906226,
    0.7143853449380949,
    0.8810079556995223,
    0.9881317623417334,
    0.43954905870185246,
    0.3470600284229045,
    0.7201355366706874,
    0.21182782354894159,
    0.3253203430155678,
    0.9118492090491941,
    0.09064435436648854,
    0.5895044009609933,
    0.5284883816714707,
    0.0396104595562089,
    0.8812308515925972,
    0.5815284268975038,
    0.6178827918888085,
    0.29639350051911817,
    0.27585522933495965,
    0.4126670093023821,
    0.10379839468448238,
    0.6875017827823008,
    0.8842778897898839,
    0.5326854094715684
  ]
}