{
  "iteration": 134,
  "timestamp": "2025-10-05T00:31:53.975150",
  "pid": 43830,
  "random_data": [
    0.47637671300263795,
    0.5505664324502307,
    0.6382186526023477,
    0.5145061600153396,
    0.19012205869590315,
    0.4888342872322041,
    0.8683172760004089,
    0.9571425001930038,
    0.3657747089233607,
    0.15770987626127397,
    0.055282679719384276,
    0.6761781218683315,
    0.760591120727467,
    0.4333124173055066,
    0.22201179644007873,
    0.7055629987028145,
    0.764306779960278,
    0.6298666687905922,
    0.6079061315312219,
    0.8832393139625191,
    0.5303328681155279,
    0.7021776699887493,
    0.2500203070485415,
    0.40447245009647737,
    0.5329868246113848,
    0.0021753787713387762,
    0.9230411238418853,
    0.5193460723709455,
    0.9747358730713969,
    0.019174634626098475,
    0.6389187853150776,
    0.4421418550020281,
    0.9364824198576519,
    0.63704155684164,
    0.6805928835229413,
    0.32237392612093074,
    0.06732783309008472,
    0.7014375075545912,
    0.6862086353497879,
    0.5654543669790048,
    0.06978372346282713,
    0.4203787189174413,
    0.927574096762101,
    0.619787294543487,
    0.35444471375801023,
    0.7128784428222323,
    0.8206162214992049,
    0.6206742483164263,
    0.2744845752746663,
    0.025865057444803385,
    0.041363599634518855,
    0.4496752631010785,
    0.9904014461323616,
    0.0587798343338134,
    0.09250252864684838,
    0.2415234704369571,
    0.78194770222899,
    0.014442596690806941,
    0.7754832755338299,
    0.9709999690934322,
    0.7543036109484282,
    0.10736228246254453,
    0.12371102284180413,
    0.28501247316999767,
    0.15023076964023763,
    0.19976012816510869,
    0.5375734475043135,
    0.8148244509544346,
    0.18093961897363975,
    0.7299730766578124,
    0.7269275345405937,
    0.8299370472592477,
    0.6057339056696153,
    0.6458476729158522,
    0.3737764376645383,
    0.9487017713419622,
    0.9509649243331392,
    0.2904229669024223,
    0.7685153049168783,
    0.4132300607313132,
    0.5801546738439942,
    0.2728225848867569,
    0.19056443239899223,
    0.9977009758562183,
    0.838108283945474,
    0.7199602084232243,
    0.4419535397765506,
    0.3549320634300924,
    0.6814674928312207,
    0.9867027476745629,
    0.18876834967881206,
    0.706855363026366,
    0.7448877862990266,
    0.8388901352209863,
    0.4313345521036974,
    0.651653324742743,
    0.10133572044039896,
    0.8002827335013011,
    0.914669805568457,
    0.8254724786949903
  ]
}