{
  "iteration": 135,
  "timestamp": "2025-10-05T00:31:55.283181",
  "pid": 43830,
  "random_data": [
    0.8567895589241025,
    0.7785863726476627,
    0.46164134697558923,
    0.995393789437613,
    0.5105067707252796,
    0.09186521930508984,
    0.6310068371820324,
    0.22082990989596962,
    0.16584198148614404,
    0.8110854733003549,
    0.381145455085229,
    0.9601124367096926,
    0.009314820720979777,
    0.41041377315618177,
    0.5996652716714453,
    0.9319238625147104,
    0.08763107049720087,
    0.5233329777954333,
    0.10154572996211886,
    0.3119895456429371,
    0.5030679206610225,
    0.920479245182205,
    0.8546148096375336,
    0.6449636308402557,
    0.24589009708701193,
    0.5413004968200295,
    0.36101326886912666,
    0.6715329509446394,
    0.008488716089050885,
    0.19443276396743692,
    0.3034703580683731,
    0.5974517623732577,
    0.8503525939418811,
    0.5104322063439847,
    0.629847197527909,
    0.22540579192557442,
    0.7307475223725955,
    0.16875921803525273,
    0.48790648992317964,
    0.3072824481586277,
    0.9838939101424897,
    0.338463658357421,
    0.3271035402879061,
    0.7844615576088353,
    0.12378662840666,
    0.27541128034562756,
    0.1995500831611855,
    0.9590131727174247,
    0.3825646383051434,
    0.3941262898370247,
    0.374852458069598,
    0.3029680315375104,
    0.23359208794291164,
    0.062089913474313696,
    0.1151063578763849,
    0.31209292835501756,
    0.8294755863118054,
    0.7664612754374284,
    0.6221644252456734,
    0.517164396821701,
    0.792898886003332,
    0.8252197205367873,
    0.9123425338626683,
    0.5513645516323942,
    0.15354029722276108,
    0.6076682891263451,
    0.4698986322004277,
    0.9196291644654311,
    0.8555962052792232,
    0.24090076536174776,
    0.3243300055123495,
    0.3424587334464585,
    0.6759011212423525,
    0.19661016227270034,
    0.8126570371880278,
    0.4509415146383764,
    0.8877694484874491,
    0.8435996512569488,
    0.4375872683994506,
    0.5280537078841826,
    0.6302502118314232,
    0.08317198621996635,
    0.23959008649393876,
    0.20746362386572603,
    0.8726977423079284,
    0.4155072563921125,
    0.058193448679339954,
    0.6335368698041327,
    0.2897864320775405,
    0.41853338182814104,
    0.8182686580950305,
    0.3717843509764692,
    0.5149248070211858,
    0.18026548190627212,
    0.6497629491976004,
    0.1380779659810697,
    0.8034033059069491,
    0.9607306005816706,
    0.36312293494551406,
    0.008353209563239594
  ]
}