{
  "iteration": 163,
  "timestamp": "2025-10-05T00:32:59.476951",
  "pid": 43830,
  "random_data": [
    0.9394955953063621,
    0.6994256035637946,
    0.4781154191999796,
    0.18013408342816306,
    0.6722207043682035,
    0.9950441545865736,
    0.17273182465094383,
    0.22347391101128056,
    0.11537283837085965,
    0.34645507019207367,
    0.5677115075586286,
    0.37787958656516163,
    0.5629857862016195,
    0.9240688579216685,
    0.4732276157085725,
    0.7377695688545246,
    0.06716408417288444,
    0.356127778704893,
    0.07080490642289394,
    0.2666305001285786,
    0.8666943194112824,
    0.36400801779606085,
    0.6739602868638747,
    0.5652592034519226,
    0.9441043908510297,
    0.1405836689464376,
    0.23375664598918333,
    0.7595345384049089,
    0.5119552754496178,
    0.8051558455271739,
    0.7639602469393373,
    0.2296907011291458,
    0.4340420649334845,
    0.30831206820892787,
    0.29471642083741967,
    0.839836330351668,
    0.25338455433844476,
    0.5668520590132614,
    0.7803990649132773,
    0.17336167336111685,
    0.8273524762282939,
    0.6467290965306456,
    0.2932661916674181,
    0.07195403690263402,
    0.10840658856754548,
    0.9899490940202684,
    0.3271287195034257,
    0.9990929919320756,
    0.41693171958918096,
    0.9398183314128163,
    0.10275798844074902,
    0.8457122656413927,
    0.04944221884231248,
    0.16146584598825475,
    0.7421279065887366,
    0.6179473559181519,
    0.09486613291565771,
    0.5656403998877372,
    0.3572320811060645,
    0.30839297579295843,
    0.02236812049950332,
    0.7243083091493703,
    0.7199084581392905,
    0.20512060914031127,
    0.5609107571989138,
    0.4791757067899829,
    0.0963886512169514,
    0.4596000025957916,
    0.40581222150006524,
    0.7819448397706333,
    0.3703823470224865,
    0.3320541314628763,
    0.24986610460252412,
    0.4485357768865351,
    0.18896812833860488,
    0.5885718466028038,
    0.9486815038842913,
    0.006698211187859515,
    0.03168719468407866,
    0.5480535863690804,
    0.9242394916458216,
    0.7069457193683284,
    0.14066021080150093,
    0.8821789445696475,
    0.9694937427307658,
    0.20540024503276666,
    0.6038565532038224,
    0.216327221186988,
    0.5475319571994491,
    0.9687230470932371,
    0.46164783767848483,
    0.9626271553061275,
    0.131477943197146,
    0.13297922998109746,
    0.7218924715266875,
    0.6593361167690682,
    0.32209882842843895,
    0.9762084281067249,
    0.6513019385904817,
    0.6695256241628018
  ]
}